Administrator Id,,Administrator Name,,Employer Id,,Employer,,,New Cards,,,Replacement Cards,,,Total Cards,
BENEFL,,Clarity Benefit Solutions,,BEN1928JC,,1928 Jewelry Co.,,,2,,,1,,,3,
BENEFL,,Clarity Benefit Solutions,,BEN1STCAR,,"First Care of New York, Inc.",,,0,,,1,,,1,
BENEFL,,Clarity Benefit Solutions,,BEN2KAUTO,,2000 Auto Sales Inc.,,,4,,,0,,,4,
BENEFL,,Clarity Benefit Solutions,,BEN3MAS,,"Alitek Solutions, LP",,,2,,,0,,,2,
BENEFL,,Clarity Benefit Solutions,,BEN3MBTOM,,"B.T. Omne, LLC",,,1,,,0,,,1,
BENEFL,,Clarity Benefit Solutions,,BEN3MEWNG,,Ewing & Jones,,,3,,,0,,,3,
BENEFL,,Clarity Benefit Solutions,,BEN3MFBCA,,"Fort Bend Child Advocates, Inc",,,4,,,1,,,5,
BENEFL,,Clarity Benefit Solutions,,BEN3MHRSDR,,"RSDR-RCM, Inc ",,,3,,,0,,,3,
BENEFL,,Clarity Benefit Solutions,,BEN3MIEP,,"Integrated Equipment, Inc",,,1,,,0,,,1,
BENEFL,,Clarity Benefit Solutions,,BEN3MOFS,,OFS International,,,5,,,1,,,6,
BENEFL,,Clarity Benefit Solutions,,BEN3MOPA,,"OPA 1, Ltd",,,3,,,0,,,3,
BENEFL,,Clarity Benefit Solutions,,BEN3MSXPS,,"Synergen X Physicians Services, PLLC",,,1,,,0,,,1,
BENEFL,,Clarity Benefit Solutions,,BEN3MSYNX,,"Synergen X Health Holdings, LLC",,,0,,,1,,,1,
BENEFL,,Clarity Benefit Solutions,,BEN3MTERM,,Twin Eagle Resource Management,,,4,,,0,,,4,
BENEFL,,Clarity Benefit Solutions,,BEN3MTESC,,"Twin Eagle Service Company, LLC",,,0,,,1,,,1,
BENEFL,,Clarity Benefit Solutions,,BEN3MTRDP,,Threading & Precision MFG LLC,,,2,,,0,,,2,
BENEFL,,Clarity Benefit Solutions,,BEN5STAR,,"Five Star Home Health Care Agency, Inc.",,,43,,,24,,,67,
BENEFL,,Clarity Benefit Solutions,,BEN713SUM,,Local 713 IBOTU - Summit Home Hlth Care,,,13,,,29,,,42,
BENEFL,,Clarity Benefit Solutions,,BEN9COHEN,,Cohen & Company,,,17,,,0,,,17,
BENEFL,,Clarity Benefit Solutions,,BEN9GUIDF,,"Guidance Residential, LLC",,,3,,,1,,,4,
BENEFL,,Clarity Benefit Solutions,,BEN9KINDR,,"Kinder Academy, Inc.",,,0,,,1,,,1,
BENEFL,,Clarity Benefit Solutions,,BEN9RPROF,,"RP Professional Services, LLC",,,0,,,1,,,1,
BENEFL,,Clarity Benefit Solutions,,BENAABRIN,,AABR Inc.,,,0,,,1,,,1,
BENEFL,,Clarity Benefit Solutions,,BENAABT,,"Associated Auto Body & Trucks, Inc.",,,0,,,4,,,4,
BENEFL,,Clarity Benefit Solutions,,BENAACRAO,,AACRAO,,,1,,,2,,,3,
BENEFL,,Clarity Benefit Solutions,,BENAANETW,,American Action Network ,,,0,,,1,,,1,
BENEFL,,Clarity Benefit Solutions,,BENABCC,,UNIFIED2 GLOBAL PACKAGING GROUP LLC,,,0,,,1,,,1,
BENEFL,,Clarity Benefit Solutions,,BENABSUSC,,ABS US Corp,,,2,,,0,,,2,
BENEFL,,Clarity Benefit Solutions,,BENACACIA,,"Acacia Financial Group, Inc.",,,1,,,0,,,1,
BENEFL,,Clarity Benefit Solutions,,BENACDS,,"ACDS, Inc.",,,3,,,1,,,4,
BENEFL,,Clarity Benefit Solutions,,BENACEHOT,,Ace Hotel New York,,,0,,,3,,,3,
BENEFL,,Clarity Benefit Solutions,,BENACELRO,,Acelero Learning/Shine Early Learning,,,0,,,3,,,3,
BENEFL,,Clarity Benefit Solutions,,BENACETUS,,"Aceto US, L.L.C.",,,6,,,0,,,6,
BENEFL,,Clarity Benefit Solutions,,BENACMEH,,"Acme Industries, Inc.",,,15,,,0,,,15,
BENEFL,,Clarity Benefit Solutions,,BENADALLC,,"Adaptive Dental Associates, LLC",,,1,,,0,,,1,
BENEFL,,Clarity Benefit Solutions,,BENADC,,"ADC Therapeutics America, Inc.",,,1,,,2,,,3,
BENEFL,,Clarity Benefit Solutions,,BENADCO,,ADCO Electrical Corporation,,,0,,,1,,,1,
BENEFL,,Clarity Benefit Solutions,,BENADCOCK,,"Adcock's Systems, LLC",,,0,,,1,,,1,
BENEFL,,Clarity Benefit Solutions,,BENADJUST,,Adjust Your Set,,,1,,,0,,,1,
BENEFL,,Clarity Benefit Solutions,,BENADSFED,,"Allegient Defense, Inc.",,,1,,,0,,,1,
BENEFL,,Clarity Benefit Solutions,,BENADTHE,,"AdTheorent, Inc. ",,,9,,,11,,,20,
BENEFL,,Clarity Benefit Solutions,,BENADVOPP,,"Advancing Opportunities, Inc.",,,0,,,15,,,15,
BENEFL,,Clarity Benefit Solutions,,BENADVSOL,,"Advanced Solutions International, Inc.",,,68,,,0,,,68,
BENEFL,,Clarity Benefit Solutions,,BENAETREX,,"Aetrex Worldwide, Inc.",,,3,,,0,,,3,
BENEFL,,Clarity Benefit Solutions,,BENAFCHLD,,"American Federation for Children, Inc.",,,0,,,1,,,1,
BENEFL,,Clarity Benefit Solutions,,BENAGPART,,Ag Partners,,,0,,,192,,,192,
BENEFL,,Clarity Benefit Solutions,,BENAHHCA,,"All Heart Homecare Agency, Inc.",,,85,,,45,,,130,
BENEFL,,Clarity Benefit Solutions,,BENAIRSPN,,"Airspan Networks, Inc.",,,14,,,3,,,17,
BENEFL,,Clarity Benefit Solutions,,BENAIRSQ,,Air Squared Manufacturing Inc,,,3,,,0,,,3,
BENEFL,,Clarity Benefit Solutions,,BENALCOM,,Alcom Printing,,,2,,,0,,,2,
BENEFL,,Clarity Benefit Solutions,,BENALG,,"A.L. George, LLC",,,6,,,0,,,6,
BENEFL,,Clarity Benefit Solutions,,BENALGIN,,"Algin Management Company, LLC",,,0,,,2,,,2,
BENEFL,,Clarity Benefit Solutions,,BENALLCAR,,Allcare Homecare Agency Inc.,,,3,,,2,,,5,
BENEFL,,Clarity Benefit Solutions,,BENALLCTY,,All County Management LLC,,,1,,,0,,,1,
BENEFL,,Clarity Benefit Solutions,,BENALLEN,,Allen Healthcare - Local 389 ,,,0,,,443,,,443,
BENEFL,,Clarity Benefit Solutions,,BENALPINE,,"Alpine Learning Group, Inc",,,2,,,2,,,4,
BENEFL,,Clarity Benefit Solutions,,BENALT,,"Alternate Staffing, Inc.",,,15,,,38,,,53,
BENEFL,,Clarity Benefit Solutions,,BENALTIMG,,Altered Image,,,0,,,1,,,1,
BENEFL,,Clarity Benefit Solutions,,BENALTRON,,Altronix Corporation,,,0,,,1,,,1,
BENEFL,,Clarity Benefit Solutions,,BENAMAGUS,,AMAG USA,,,1,,,0,,,1,
BENEFL,,Clarity Benefit Solutions,,BENAMASIA,,Amerasia Bank,,,0,,,2,,,2,
BENEFL,,Clarity Benefit Solutions,,BENAMBRIO,,The Ambriola Company Inc.,,,0,,,1,,,1,
BENEFL,,Clarity Benefit Solutions,,BENAMCLIN,,American Cleaning Institute,,,0,,,1,,,1,
BENEFL,,Clarity Benefit Solutions,,BENAMELHC,,"Amelia Home Care, Inc.",,,3,,,0,,,3,
BENEFL,,Clarity Benefit Solutions,,BENAMERCR,,"Americare, Inc.",,,35,,,4,,,39,
BENEFL,,Clarity Benefit Solutions,,BENAMES,,"Ames Advanced Materials, Corp.",,,7,,,1,,,8,
BENEFL,,Clarity Benefit Solutions,,BENAMESGC,,Ames Goldsmith Corp.,,,2,,,0,,,2,
BENEFL,,Clarity Benefit Solutions,,BENAMHLAW,,American Health Law Association,,,40,,,0,,,40,
BENEFL,,Clarity Benefit Solutions,,BENAMLINE,,AM Liner ,,,0,,,2,,,2,
BENEFL,,Clarity Benefit Solutions,,BENAMLISL,,"The Amelia Island Equity Club, Inc.",,,4,,,0,,,4,
BENEFL,,Clarity Benefit Solutions,,BENAMNOX,,"Amerinox Processing, Inc.",,,1,,,2,,,3,
BENEFL,,Clarity Benefit Solutions,,BENAMPLIF,,Amplifi,,,3,,,0,,,3,
BENEFL,,Clarity Benefit Solutions,,BENAMSOC,,American Society for Yad Vashem ,,,2,,,0,,,2,
BENEFL,,Clarity Benefit Solutions,,BENANDADV,,Andromeda Advantage Inc.,,,0,,,2,,,2,
BENEFL,,Clarity Benefit Solutions,,BENANDIAM,,ANDIAMOND LLC,,,0,,,4,,,4,
BENEFL,,Clarity Benefit Solutions,,BENANGEL,,"Angel Care, Inc.",,,0,,,19,,,19,
BENEFL,,Clarity Benefit Solutions,,BENANTIOC,,Antioch Community Church of Waco,,,5,,,1,,,6,
BENEFL,,Clarity Benefit Solutions,,BENAOHDC,,Academy of Hope Adult Public Charter Sch,,,0,,,1,,,1,
BENEFL,,Clarity Benefit Solutions,,BENAPAWAM,,The Apawamis Club,,,2,,,0,,,2,
BENEFL,,Clarity Benefit Solutions,,BENAPEXMI,,Apex Mills Corporation,,,1,,,1,,,2,
BENEFL,,Clarity Benefit Solutions,,BENAPPLIED,,"Applied Integrated Technologies, Inc.",,,7,,,0,,,7,
BENEFL,,Clarity Benefit Solutions,,BENAPSA,,American Political Science Association,,,3,,,0,,,3,
BENEFL,,Clarity Benefit Solutions,,BENARCHOL,,Archwell Holdings LLC,,,83,,,0,,,83,
BENEFL,,Clarity Benefit Solutions,,BENARCMER,,The Arc Mercer,,,5,,,58,,,63,
BENEFL,,Clarity Benefit Solutions,,BENARCSR,,"Analysis and Resilience Center for Systemic Risk, ",,,2,,,0,,,2,
BENEFL,,Clarity Benefit Solutions,,BENARROW,,Arrowpac Inc.,,,0,,,1,,,1,
BENEFL,,Clarity Benefit Solutions,,BENARTC,,Urban Resource Institute,,,0,,,1,,,1,
BENEFL,,Clarity Benefit Solutions,,BENARWAY,,"Archway Programs, Inc.",,,0,,,1,,,1,
BENEFL,,Clarity Benefit Solutions,,BENASMRES,,ASM Research LLC,,,69,,,0,,,69,
BENEFL,,Clarity Benefit Solutions,,BENASTHO,,ASTHO,,,2,,,0,,,2,
BENEFL,,Clarity Benefit Solutions,,BENASTRAL,,"Astralease Associates, Inc. ",,,0,,,2,,,2,
BENEFL,,Clarity Benefit Solutions,,BENASUI,,"Anna Sui Design Studio, LLC",,,0,,,1,,,1,
BENEFL,,Clarity Benefit Solutions,,BENATACE,,"Atelier Ace, LLC",,,5,,,3,,,8,
BENEFL,,Clarity Benefit Solutions,,BENATLWTR,,"Atlantic Water Products, Inc.",,,1,,,0,,,1,
BENEFL,,Clarity Benefit Solutions,,BENAVA,,"Audio Visual Associates, Inc.",,,1,,,0,,,1,
BENEFL,,Clarity Benefit Solutions,,BENAVAMED,,"AVATION MEDICAL, INC.",,,1,,,0,,,1,
BENEFL,,Clarity Benefit Solutions,,BENAVAMOR,,"Avanzino & Moreno, PC",,,1,,,0,,,1,
BENEFL,,Clarity Benefit Solutions,,BENAWFND,,African Wildlife Foundation,,,3,,,0,,,3,
BENEFL,,Clarity Benefit Solutions,,BENAYSTGR,,Ayers Saint Gross,,,2,,,0,,,2,
BENEFL,,Clarity Benefit Solutions,,BENBAKERX,,"Bakers Express, Inc.",,,1,,,0,,,1,
BENEFL,,Clarity Benefit Solutions,,BENBALPOI,,Balance Point Wellness LLC,,,3,,,0,,,3,
BENEFL,,Clarity Benefit Solutions,,BENBAMEPI,,B Americas  P & I LLC,,,1,,,0,,,1,
BENEFL,,Clarity Benefit Solutions,,BENBANYAN,,Banyan International LLC,,,0,,,1,,,1,
BENEFL,,Clarity Benefit Solutions,,BENBAREIN,,Bare International,,,1,,,0,,,1,
BENEFL,,Clarity Benefit Solutions,,BENBAYCRN,,Bay Crane,,,1,,,0,,,1,
BENEFL,,Clarity Benefit Solutions,,BENBAYMSI,,"Bay Shore Moving & Storage, Inc.",,,0,,,1,,,1,
BENEFL,,Clarity Benefit Solutions,,BENBBBSCS,,Big Brothers Big Sisters of Cumberland,,,1,,,0,,,1,
BENEFL,,Clarity Benefit Solutions,,BENBBC,,Bethel Baptist Church,,,0,,,12,,,12,
BENEFL,,Clarity Benefit Solutions,,BENBCM,,"Bainbridge Communities Management, LLC",,,14,,,7,,,21,
BENEFL,,Clarity Benefit Solutions,,BENBDFRD,,Bedford Capital Mid Atlantic,,,2,,,0,,,2,
BENEFL,,Clarity Benefit Solutions,,BENBDGPRT,,Bridgeport Township,,,3,,,0,,,3,
BENEFL,,Clarity Benefit Solutions,,BENBEARDS,,Beardslee Transmission Equipment Co. Inc,,,0,,,2,,,2,
BENEFL,,Clarity Benefit Solutions,,BENBEC,,Bethesda Elite Care,,,4,,,0,,,4,
BENEFL,,Clarity Benefit Solutions,,BENBEDTRU,,Bedford Township,,,27,,,0,,,27,
BENEFL,,Clarity Benefit Solutions,,BENBELKIN,,Belkin Burden & Goldman LLP,,,1,,,1,,,2,
BENEFL,,Clarity Benefit Solutions,,BENBENFPCORG,,Fairmount Park Conservancy,,,0,,,1,,,1,
BENEFL,,Clarity Benefit Solutions,,BENBENLECOL,,"Terminus Restaurant Associates, LLC dba Orsay",,,0,,,1,,,1,
BENEFL,,Clarity Benefit Solutions,,BENBENLOHM,,LOHM/The Ladies of Hope Ministries Inc,,,1,,,0,,,1,
BENEFL,,Clarity Benefit Solutions,,BENBESTPS,,Best Plumbing Supply Inc.,,,0,,,2,,,2,
BENEFL,,Clarity Benefit Solutions,,BENBIGGIN,,Biggins Lacy Shapiro & Co LLC,,,1,,,1,,,2,
BENEFL,,Clarity Benefit Solutions,,BENBIOHAB,,Biohabitats Inc.,,,1,,,1,,,2,
BENEFL,,Clarity Benefit Solutions,,BENBLACFI,,Blackfin Real Estate Investors LLC,,,7,,,0,,,7,
BENEFL,,Clarity Benefit Solutions,,BENBLIND,,Blind Industries & Services of Maryland,,,26,,,7,,,33,
BENEFL,,Clarity Benefit Solutions,,BENBLUCAD,,BlueCadet LLC,,,1,,,0,,,1,
BENEFL,,Clarity Benefit Solutions,,BENBLUE,,Bluefin Companies,,,1,,,1,,,2,
BENEFL,,Clarity Benefit Solutions,,BENBLUEWAV,,"Blue Wave Products, Inc. ",,,7,,,0,,,7,
BENEFL,,Clarity Benefit Solutions,,BENBLUWTR,,Blue Water Industries LLC,,,3,,,0,,,3,
BENEFL,,Clarity Benefit Solutions,,BENBMDARC,,"Blair + Mui Dowd Architects, PC",,,0,,,2,,,2,
BENEFL,,Clarity Benefit Solutions,,BENBMSLLC,,"Building Maintenance Service, LLC",,,0,,,2,,,2,
BENEFL,,Clarity Benefit Solutions,,BENBOLAYE,,"Bolay Enterprises, LLC",,,3,,,1,,,4,
BENEFL,,Clarity Benefit Solutions,,BENBOROPA,,Boro Park Obstetrics & Gynecology PC,,,35,,,0,,,35,
BENEFL,,Clarity Benefit Solutions,,BENBOROUG,,Borough of Kenilworth,,,6,,,1,,,7,
BENEFL,,Clarity Benefit Solutions,,BENBOSWEL,,Boswell Engineering,,,1,,,0,,,1,
BENEFL,,Clarity Benefit Solutions,,BENBOVE,,"Bove Industries, Inc",,,3,,,1,,,4,
BENEFL,,Clarity Benefit Solutions,,BENBOYDEN,,"Boyden Gray & Associates, PLLC",,,1,,,0,,,1,
BENEFL,,Clarity Benefit Solutions,,BENBPMLLP,,BPM LLP,,,4,,,1,,,5,
BENEFL,,Clarity Benefit Solutions,,BENBPPRNT,,BP Print Group,,,2,,,0,,,2,
BENEFL,,Clarity Benefit Solutions,,BENBRAMS,,"Bramson Productions, Inc.",,,2,,,0,,,2,
BENEFL,,Clarity Benefit Solutions,,BENBRAVER,,Braverman Greenspun,,,0,,,1,,,1,
BENEFL,,Clarity Benefit Solutions,,BENBRDDIS,,"Broadfield Distributors, Inc.",,,1,,,0,,,1,
BENEFL,,Clarity Benefit Solutions,,BENBRDESI,,BR Design Associates LLC,,,1,,,0,,,1,
BENEFL,,Clarity Benefit Solutions,,BENBRDPNT,,Brandpoint Services,,,3,,,1,,,4,
BENEFL,,Clarity Benefit Solutions,,BENBRDWI,,Bread for the World Institute,,,1,,,1,,,2,
BENEFL,,Clarity Benefit Solutions,,BENBRILLA,,Brilla College Preparatory Charter Schools,,,3,,,3,,,6,
BENEFL,,Clarity Benefit Solutions,,BENBRNBNK,,Brunswick Bank and Trust,,,1,,,1,,,2,
BENEFL,,Clarity Benefit Solutions,,BENBROCK,,Brock & Co,,,19,,,0,,,19,
BENEFL,,Clarity Benefit Solutions,,BENBRONXC,,The Bronx Charter School for Children,,,1,,,0,,,1,
BENEFL,,Clarity Benefit Solutions,,BENBRUCET,,Township of Bruce,,,34,,,0,,,34,
BENEFL,,Clarity Benefit Solutions,,BENBRUNSP,,"BRUNS-PAK Enterprises, Inc.",,,1,,,2,,,3,
BENEFL,,Clarity Benefit Solutions,,BENBUBTRI,,Bubby's Tribeca,,,4,,,1,,,5,
BENEFL,,Clarity Benefit Solutions,,BENBURHAP,,"Buro Happold Engineering, Inc.",,,7,,,3,,,10,
BENEFL,,Clarity Benefit Solutions,,BENBURNES,,Burness Communications Inc,,,1,,,0,,,1,
BENEFL,,Clarity Benefit Solutions,,BENBUSBY,,Busby Metals Inc.,,,1,,,0,,,1,
BENEFL,,Clarity Benefit Solutions,,BENBUSH,,Bush Refrigeration Inc.,,,1,,,2,,,3,
BENEFL,,Clarity Benefit Solutions,,BENBUSTLE,,"BDG Media, Inc.",,,41,,,11,,,52,
BENEFL,,Clarity Benefit Solutions,,BENCACREP,,CACREP- Council for Accreditation of Counseling,,,1,,,0,,,1,
BENEFL,,Clarity Benefit Solutions,,BENCAINK,,Cape Atlantic INK,,,3,,,1,,,4,
BENEFL,,Clarity Benefit Solutions,,BENCALCO,,"Calco Fence, Inc.",,,0,,,1,,,1,
BENEFL,,Clarity Benefit Solutions,,BENCANTOR,,Beech Hill Securities,,,0,,,1,,,1,
BENEFL,,Clarity Benefit Solutions,,BENCAPCCC,,Capitol County Childrens Collaborative,,,2,,,0,,,2,
BENEFL,,Clarity Benefit Solutions,,BENCARDOZ,,Cardoza Plumbing Corp.,,,1,,,0,,,1,
BENEFL,,Clarity Benefit Solutions,,BENCARR,,Carr Properties ,,,2,,,0,,,2,
BENEFL,,Clarity Benefit Solutions,,BENCARY,,"Cary Compounds, LLC",,,0,,,1,,,1,
BENEFL,,Clarity Benefit Solutions,,BENCASA,,CASA,,,4,,,0,,,4,
BENEFL,,Clarity Benefit Solutions,,BENCASIS,,CASIS,,,2,,,0,,,2,
BENEFL,,Clarity Benefit Solutions,,BENCASTLE,,Castle Harlan Inc.,,,0,,,1,,,1,
BENEFL,,Clarity Benefit Solutions,,BENCBX,,"CBX, LLC",,,0,,,4,,,4,
BENEFL,,Clarity Benefit Solutions,,BENCCHCIN,,"Chinese Christian Herald Crusades, Inc.",,,1,,,0,,,1,
BENEFL,,Clarity Benefit Solutions,,BENCCSB,,Cross County Savings Bank,,,2,,,0,,,2,
BENEFL,,Clarity Benefit Solutions,,BENCDCUSA,,Curtainwall Design Consulting,,,0,,,3,,,3,
BENEFL,,Clarity Benefit Solutions,,BENCDRLKE,,Cedar Lake Estate,,,3,,,0,,,3,
BENEFL,,Clarity Benefit Solutions,,BENCEMENT,,"Cementex Products, Inc. ",,,0,,,1,,,1,
BENEFL,,Clarity Benefit Solutions,,BENCENBUS,,"Centric Business Systems, Inc.",,,2,,,1,,,3,
BENEFL,,Clarity Benefit Solutions,,BENCEPF,,Chicago Public Education Fund,,,1,,,1,,,2,
BENEFL,,Clarity Benefit Solutions,,BENCFC,,Continental Finance Company LLC,,,0,,,10,,,10,
BENEFL,,Clarity Benefit Solutions,,BENCFIRE,,"Capitol Fire Sprinkler Co., Inc.",,,0,,,1,,,1,
BENEFL,,Clarity Benefit Solutions,,BENCFT,,Commercial Furniture Transport,,,2,,,0,,,2,
BENEFL,,Clarity Benefit Solutions,,BENCGRLLP,,Clarick Gueron Reisbaum LLP,,,1,,,0,,,1,
BENEFL,,Clarity Benefit Solutions,,BENCHAMPE,,Champion Elevator Corporation,,,2,,,0,,,2,
BENEFL,,Clarity Benefit Solutions,,BENCHCANY,,Community Health Care Association of NY State,,,4,,,0,,,4,
BENEFL,,Clarity Benefit Solutions,,BENCHCTY,,Church of the City New York,,,1,,,0,,,1,
BENEFL,,Clarity Benefit Solutions,,BENCHEFFO,,"Chefler Foods, LLC",,,1,,,0,,,1,
BENEFL,,Clarity Benefit Solutions,,BENCHEMB,,"ChemBio Diagnostic Systems, Inc.",,,3,,,0,,,3,
BENEFL,,Clarity Benefit Solutions,,BENCHESTR,,"Chesterfield Associates, Inc.",,,1,,,1,,,2,
BENEFL,,Clarity Benefit Solutions,,BENCHIMNY,,Chimney Rock Inn,,,0,,,3,,,3,
BENEFL,,Clarity Benefit Solutions,,BENCHOICE,,"Choice Canning, Inc.",,,1,,,0,,,1,
BENEFL,,Clarity Benefit Solutions,,BENCHSTR,,Charter Township of Chesterfield,,,0,,,8,,,8,
BENEFL,,Clarity Benefit Solutions,,BENCIRCAH,,"Circa Healthcare, LLC",,,16,,,0,,,16,
BENEFL,,Clarity Benefit Solutions,,BENCITNAL,,Citnalta Construction Corp,,,2,,,4,,,6,
BENEFL,,Clarity Benefit Solutions,,BENCJCPCS,,Central Jersey College Prep Charter Sch,,,4,,,4,,,8,
BENEFL,,Clarity Benefit Solutions,,BENCKITCH,,Century Kitchens Inc,,,8,,,0,,,8,
BENEFL,,Clarity Benefit Solutions,,BENCLASIC,,"Classic Homecare, Inc.",,,5,,,1,,,6,
BENEFL,,Clarity Benefit Solutions,,BENCLLRS,,"Colliers International Houston, Inc.",,,0,,,3,,,3,
BENEFL,,Clarity Benefit Solutions,,BENCLRKSN,,Clarksons Platou Shipping Services USA L,,,3,,,19,,,22,
BENEFL,,Clarity Benefit Solutions,,BENCMACWP,,Ridgeway Alliance Church,,,1,,,0,,,1,
BENEFL,,Clarity Benefit Solutions,,BENCMHOPE,,Community of Hope,,,1,,,1,,,2,
BENEFL,,Clarity Benefit Solutions,,BENCMRC,,Crotched Mountain Rehabilitation Center Inc,,,0,,,1,,,1,
BENEFL,,Clarity Benefit Solutions,,BENCMSFM,,CMS Facilities Management Services LLC,,,0,,,1,,,1,
BENEFL,,Clarity Benefit Solutions,,BENCMSI,,"Community Mediation Services, Inc.",,,3,,,0,,,3,
BENEFL,,Clarity Benefit Solutions,,BENCOLESM,,Cole Schotz P.C.,,,12,,,3,,,15,
BENEFL,,Clarity Benefit Solutions,,BENCOLFAC,,"Happy Factory, LLC DBA Color Factory LLC",,,5,,,0,,,5,
BENEFL,,Clarity Benefit Solutions,,BENCOLMET,,Colonial Metals Inc.,,,1,,,0,,,1,
BENEFL,,Clarity Benefit Solutions,,BENCOLOMA,,Township of Coloma,,,0,,,1,,,1,
BENEFL,,Clarity Benefit Solutions,,BENCOLPET,,"Colter and Peterson, Inc.",,,0,,,1,,,1,
BENEFL,,Clarity Benefit Solutions,,BENCOLUMB,,Columbia Bank,,,0,,,1,,,1,
BENEFL,,Clarity Benefit Solutions,,BENCOMMUN,,Community Health Law Project,,,1,,,0,,,1,
BENEFL,,Clarity Benefit Solutions,,BENCOMODO,,MAVeCap Limited Partnership (Comodo),,,3,,,0,,,3,
BENEFL,,Clarity Benefit Solutions,,BENCOMREA,,Community Realty Management,,,14,,,0,,,14,
BENEFL,,Clarity Benefit Solutions,,BENCONB,,City Of New Baltimore,,,7,,,3,,,10,
BENEFL,,Clarity Benefit Solutions,,BENCONSE,,Constellation Software Engineering,,,1,,,0,,,1,
BENEFL,,Clarity Benefit Solutions,,BENCOOKCO,,The Cookware Company USA LLC,,,6,,,2,,,8,
BENEFL,,Clarity Benefit Solutions,,BENCORRX,,"Correct RX Pharmacy Services, Inc.",,,4,,,0,,,4,
BENEFL,,Clarity Benefit Solutions,,BENCOSTEL,,Costello Marine Contracting Co,,,0,,,11,,,11,
BENEFL,,Clarity Benefit Solutions,,BENCOVAK,,Covenant House of Alaska,,,1,,,3,,,4,
BENEFL,,Clarity Benefit Solutions,,BENCOVCRP,,Covenant House Corporate,,,1,,,5,,,6,
BENEFL,,Clarity Benefit Solutions,,BENCOVERA,,"Covera Health, Inc.",,,10,,,1,,,11,
BENEFL,,Clarity Benefit Solutions,,BENCOVIL,,Covenant House Illinois,,,0,,,1,,,1,
BENEFL,,Clarity Benefit Solutions,,BENCOVNY,,Covenant House of New York,,,2,,,5,,,7,
BENEFL,,Clarity Benefit Solutions,,BENCPRONY,,Caring Professionals Inc.,,,92,,,20,,,112,
BENEFL,,Clarity Benefit Solutions,,BENCRGHTS,,"Children's Rights, Inc.",,,0,,,1,,,1,
BENEFL,,Clarity Benefit Solutions,,BENCRISTO,,Cristo Rey Jesuit College Prep School ,,,0,,,1,,,1,
BENEFL,,Clarity Benefit Solutions,,BENCROFF,,"Creative Office Design, Inc.",,,0,,,1,,,1,
BENEFL,,Clarity Benefit Solutions,,BENCROPLF,,CropLife America,,,3,,,1,,,4,
BENEFL,,Clarity Benefit Solutions,,BENCRPMET,,CroppMetcalfe Inc.,,,0,,,1,,,1,
BENEFL,,Clarity Benefit Solutions,,BENCSISEC,,"Centennial Security Integration, Inc.",,,2,,,1,,,3,
BENEFL,,Clarity Benefit Solutions,,BENCSS,,"Cambridge Security Seals, LLC",,,0,,,8,,,8,
BENEFL,,Clarity Benefit Solutions,,BENCTSNJ,,Community Treatment Solutions,,,6,,,0,,,6,
BENEFL,,Clarity Benefit Solutions,,BENCWBI,,"CW Brabender Instruments, Inc.",,,0,,,1,,,1,
BENEFL,,Clarity Benefit Solutions,,BENCWOFNY,,"Clean Water of New York, Inc.",,,2,,,0,,,2,
BENEFL,,Clarity Benefit Solutions,,BENCWWIDE,,Concern Worldwide US,,,1,,,0,,,1,
BENEFL,,Clarity Benefit Solutions,,BENDAGTECH,,DAG Tech LLC,,,1,,,0,,,1,
BENEFL,,Clarity Benefit Solutions,,BENDAMIAN,,Damian Family Care Center,,,16,,,79,,,95,
BENEFL,,Clarity Benefit Solutions,,BENDAMON,,"Damon Liss, Inc.",,,2,,,0,,,2,
BENEFL,,Clarity Benefit Solutions,,BENDANIS,,"Danis Auto, LLC",,,1,,,0,,,1,
BENEFL,,Clarity Benefit Solutions,,BENDANJON,,DanJon Management Corp,,,2,,,0,,,2,
BENEFL,,Clarity Benefit Solutions,,BENDANKLS,,"Dan Klores Communications, LLC. ",,,0,,,1,,,1,
BENEFL,,Clarity Benefit Solutions,,BENDATADE,,"Data Delay Devices, Inc ",,,0,,,2,,,2,
BENEFL,,Clarity Benefit Solutions,,BENDEER,,"Deerfield Management Company, L.P. Ser C",,,4,,,32,,,36,
BENEFL,,Clarity Benefit Solutions,,BENDELRIV,,"Delaware River Stevedores, Inc",,,1,,,0,,,1,
BENEFL,,Clarity Benefit Solutions,,BENDESIGN,,"Design Interactive, Inc.",,,4,,,0,,,4,
BENEFL,,Clarity Benefit Solutions,,BENDEUGRO,,Deugro (USA) Inc.,,,3,,,0,,,3,
BENEFL,,Clarity Benefit Solutions,,BENDEVHC,,Devoted Home Care LLC,,,4,,,4,,,8,
BENEFL,,Clarity Benefit Solutions,,BENDEYB,,Darger Errante Yavitz & Blau LLP,,,3,,,1,,,4,
BENEFL,,Clarity Benefit Solutions,,BENDFDGRP,,D&F Development Group,,,2,,,2,,,4,
BENEFL,,Clarity Benefit Solutions,,BENDIGPRO,,Digital Promise Global,,,5,,,1,,,6,
BENEFL,,Clarity Benefit Solutions,,BENDIPOCT,,Dental Implants & Periodontics of CT,,,0,,,1,,,1,
BENEFL,,Clarity Benefit Solutions,,BENDIRX,,DiRX Inc,,,3,,,0,,,3,
BENEFL,,Clarity Benefit Solutions,,BENDIS,,"Dayton Inspection Services, Inc.",,,0,,,3,,,3,
BENEFL,,Clarity Benefit Solutions,,BENDLCMGE,,DLC Management Corporation,,,5,,,0,,,5,
BENEFL,,Clarity Benefit Solutions,,BENDLTARF,,Delta Contracting Services,,,0,,,3,,,3,
BENEFL,,Clarity Benefit Solutions,,BENDOMETI,,Dometic Corporation,,,1065,,,0,,,1065,
BENEFL,,Clarity Benefit Solutions,,BENDOMNTM,,Dom N' Tom,,,0,,,1,,,1,
BENEFL,,Clarity Benefit Solutions,,BENDRCODE,,"Dress Code NY, Inc",,,2,,,0,,,2,
BENEFL,,Clarity Benefit Solutions,,BENDRJAYS,,DrJays.com Inc.,,,5,,,0,,,5,
BENEFL,,Clarity Benefit Solutions,,BENDURST,,Durst Corporation Inc,,,1,,,0,,,1,
BENEFL,,Clarity Benefit Solutions,,BENE2HOSP,,Esquared Hospitality,,,6,,,3,,,9,
BENEFL,,Clarity Benefit Solutions,,BENEASYCH,,"Easy Choice Agency, Inc.",,,6,,,2,,,8,
BENEFL,,Clarity Benefit Solutions,,BENEATING,,"Eating Evolved, LLC.",,,1,,,0,,,1,
BENEFL,,Clarity Benefit Solutions,,BENEBS,,Employee Benefit Services of Maryland Inc.,,,0,,,2,,,2,
BENEFL,,Clarity Benefit Solutions,,BENECCALN,,"Eccalon, LLC",,,3,,,1,,,4,
BENEFL,,Clarity Benefit Solutions,,BENECONOM,,Econometrica,,,0,,,1,,,1,
BENEFL,,Clarity Benefit Solutions,,BENEDENPH,,"Edenbridge Pharmaceuticals, LLC",,,1,,,1,,,2,
BENEFL,,Clarity Benefit Solutions,,BENEDFAG,,Ed Fagan Inc.,,,0,,,1,,,1,
BENEFL,,Clarity Benefit Solutions,,BENEESOL,,Eastern Environmental Solutions Inc.,,,2,,,1,,,3,
BENEFL,,Clarity Benefit Solutions,,BENEFCSYS,,"EFC Systems, Inc.",,,1,,,0,,,1,
BENEFL,,Clarity Benefit Solutions,,BENEGERLH,,Eger Lutheran Homes and Services,,,0,,,4,,,4,
BENEFL,,Clarity Benefit Solutions,,BENEISLEV,,Eiseman Levine Lehraupt & Kakoyiann,,,0,,,4,,,4,
BENEFL,,Clarity Benefit Solutions,,BENEJSALE,,EJ Sales Corp.,,,1,,,0,,,1,
BENEFL,,Clarity Benefit Solutions,,BENEKNOW,,"Enterprise Knowledge, LLC",,,1,,,0,,,1,
BENEFL,,Clarity Benefit Solutions,,BENELAKES,,Eastlake Church,,,1,,,0,,,1,
BENEFL,,Clarity Benefit Solutions,,BENELEVEN,,"Elephant Ventures, LLC",,,0,,,1,,,1,
BENEFL,,Clarity Benefit Solutions,,BENELITE,,Tinuiti Inc,,,10,,,11,,,21,
BENEFL,,Clarity Benefit Solutions,,BENEMASIN,,Eddie Mercer Agri-Services Inc.,,,0,,,1,,,1,
BENEFL,,Clarity Benefit Solutions,,BENEMMETT,,Charter Township of Emmett,,,0,,,1,,,1,
BENEFL,,Clarity Benefit Solutions,,BENEMML,,EMM Loans LLC,,,7,,,14,,,21,
BENEFL,,Clarity Benefit Solutions,,BENENROLL,,The Enrollment Management Association,,,1,,,0,,,1,
BENEFL,,Clarity Benefit Solutions,,BENENTAND,,"ENT And Allergy Associates, LLP",,,16,,,11,,,27,
BENEFL,,Clarity Benefit Solutions,,BENEOHINC,,"Employee Owned Holdings, Inc.",,,2,,,0,,,2,
BENEFL,,Clarity Benefit Solutions,,BENEQJUST,,Equal Justice Works,,,1,,,1,,,2,
BENEFL,,Clarity Benefit Solutions,,BENESCS,,"Electronix Systems Central Station, Inc.",,,0,,,12,,,12,
BENEFL,,Clarity Benefit Solutions,,BENESCSA,,Electronix Systems Central Station Alarm,,,0,,,17,,,17,
BENEFL,,Clarity Benefit Solutions,,BENESEC,,Electrotech Service Equipment Corp,,,1,,,0,,,1,
BENEFL,,Clarity Benefit Solutions,,BENESTLLC,,"Eastern Sign Tech, LLC",,,0,,,1,,,1,
BENEFL,,Clarity Benefit Solutions,,BENETHOSC,,ETHOS Cannabis,,,9,,,2,,,11,
BENEFL,,Clarity Benefit Solutions,,BENETSLLC,,"Elite Therapy Solutions, LLC",,,11,,,1,,,12,
BENEFL,,Clarity Benefit Solutions,,BENEVEMED,,Everest Medicines,,,3,,,0,,,3,
BENEFL,,Clarity Benefit Solutions,,BENEVI,,"Emerging Visions, Inc.",,,0,,,1,,,1,
BENEFL,,Clarity Benefit Solutions,,BENEVOLTN,,Evolution Research Group,,,25,,,1,,,26,
BENEFL,,Clarity Benefit Solutions,,BENEXERGY,,"Exergy, LLC",,,1,,,0,,,1,
BENEFL,,Clarity Benefit Solutions,,BENFDBANK,,Food Bank of Monmouth & Ocean Counties,,,1,,,2,,,3,
BENEFL,,Clarity Benefit Solutions,,BENFEFCU,,First Eagle Federal Credit Union,,,1,,,0,,,1,
BENEFL,,Clarity Benefit Solutions,,BENFELICE,,Felice Development Group,,,2,,,0,,,2,
BENEFL,,Clarity Benefit Solutions,,BENFEROLI,,Ferolie Corporation,,,15,,,3,,,18,
BENEFL,,Clarity Benefit Solutions,,BENFERRY,,"North Ferry Co., Inc.",,,2,,,4,,,6,
BENEFL,,Clarity Benefit Solutions,,BENFESTO,,Festo Corporation ,,,7,,,0,,,7,
BENEFL,,Clarity Benefit Solutions,,BENFFHCS,,"Friends & Family Home Care Services, LLC",,,172,,,100,,,272,
BENEFL,,Clarity Benefit Solutions,,BENFIDHCR,,"Fidelity Home Care, Inc. ",,,1,,,0,,,1,
BENEFL,,Clarity Benefit Solutions,,BENFIDMGT,,Fidelity Management LLC,,,1,,,0,,,1,
BENEFL,,Clarity Benefit Solutions,,BENFIRCHC,,First Choice Home Care,,,0,,,8,,,8,
BENEFL,,Clarity Benefit Solutions,,BENFLEETL,,Naval Continuing Care Retirement,,,1,,,0,,,1,
BENEFL,,Clarity Benefit Solutions,,BENFLOAT,,The Floating Hospital,,,5,,,2,,,7,
BENEFL,,Clarity Benefit Solutions,,BENFLSTR,,Flaster Greenberg PC,,,3,,,1,,,4,
BENEFL,,Clarity Benefit Solutions,,BENFLUID,,"FluidEdge Consulting, LLC",,,11,,,2,,,13,
BENEFL,,Clarity Benefit Solutions,,BENFNTSLT,,Fantasia Accessories LTD,,,0,,,1,,,1,
BENEFL,,Clarity Benefit Solutions,,BENFSIORG,,Financial Services Institute,,,0,,,2,,,2,
BENEFL,,Clarity Benefit Solutions,,BENFTMYER,,Fort Myer Construction Corporation,,,1,,,0,,,1,
BENEFL,,Clarity Benefit Solutions,,BENFULCRM,,"Fulcrum Digital, Inc.",,,1,,,0,,,1,
BENEFL,,Clarity Benefit Solutions,,BENFUNGY,,Fungyun Inc.,,,8,,,0,,,8,
BENEFL,,Clarity Benefit Solutions,,BENFWDRIL,,Franks Well Drilling,,,2,,,0,,,2,
BENEFL,,Clarity Benefit Solutions,,BENFWP,,"Family Wellness Program, LLC",,,18,,,3,,,21,
BENEFL,,Clarity Benefit Solutions,,BENFXSUB,,Fox Subacute,,,1,,,3,,,4,
BENEFL,,Clarity Benefit Solutions,,BENGABOHN,,Bohning Company Ltd,,,1,,,0,,,1,
BENEFL,,Clarity Benefit Solutions,,BENGACMIO,,Central Michigan Orthopaedics,,,3,,,0,,,3,
BENEFL,,Clarity Benefit Solutions,,BENGACOYN,,Coyne Oil Corporation,,,2,,,1,,,3,
BENEFL,,Clarity Benefit Solutions,,BENGAFHPC,,"Family Health Psychiatric & Counseling Center, PC",,,7,,,0,,,7,
BENEFL,,Clarity Benefit Solutions,,BENGAKNDL,,Kindel Furniture Company LLC,,,4,,,1,,,5,
BENEFL,,Clarity Benefit Solutions,,BENGALACC,,Lansing Community College,,,10,,,0,,,10,
BENEFL,,Clarity Benefit Solutions,,BENGCAINC,,Good Care Agency Inc.,,,59,,,25,,,84,
BENEFL,,Clarity Benefit Solutions,,BENGCKB,,"Gerber Ciano Kelly Brady, LLP",,,1,,,1,,,2,
BENEFL,,Clarity Benefit Solutions,,BENGEBROE,,Gebroe-Hammer Associates,,,0,,,1,,,1,
BENEFL,,Clarity Benefit Solutions,,BENGEMHC,,"GEM Health Care Employment Agency, Inc.",,,0,,,3,,,3,
BENEFL,,Clarity Benefit Solutions,,BENGENIDEA,,General Idea LLC,,,1,,,0,,,1,
BENEFL,,Clarity Benefit Solutions,,BENGENVW,,"Gensinger Motors, Inc.",,,3,,,1,,,4,
BENEFL,,Clarity Benefit Solutions,,BENGERSH,,Gersh Academy Inc,,,2,,,1,,,3,
BENEFL,,Clarity Benefit Solutions,,BENGETPHD,,GetPhound LLC,,,0,,,1,,,1,
BENEFL,,Clarity Benefit Solutions,,BENGFOA,,Government Finance Officers Association,,,1,,,2,,,3,
BENEFL,,Clarity Benefit Solutions,,BENGINSEY,,"Ginsey Industries, Inc. ",,,0,,,1,,,1,
BENEFL,,Clarity Benefit Solutions,,BENGLDEGL,,Gold Eagle Company,,,2,,,33,,,35,
BENEFL,,Clarity Benefit Solutions,,BENGLOBAL,,"Global Data Publications, Inc.",,,4,,,2,,,6,
BENEFL,,Clarity Benefit Solutions,,BENGLOTEK,,"Global InfoTek, Inc. ",,,3,,,0,,,3,
BENEFL,,Clarity Benefit Solutions,,BENGMCOND,,The Grand Millennium Condominium,,,1,,,0,,,1,
BENEFL,,Clarity Benefit Solutions,,BENGMDC,,Greenpoint Manufacturing & Design Center,,,1,,,2,,,3,
BENEFL,,Clarity Benefit Solutions,,BENGNWAY,,Goodway Group,,,3,,,1,,,4,
BENEFL,,Clarity Benefit Solutions,,BENGOTHAM,,Gotham Veterinary Center,,,0,,,2,,,2,
BENEFL,,Clarity Benefit Solutions,,BENGOTHPD,,"Gotham Per Diem, Inc.",,,0,,,4,,,4,
BENEFL,,Clarity Benefit Solutions,,BENGOULD,,Gould Investors L.P.,,,0,,,6,,,6,
BENEFL,,Clarity Benefit Solutions,,BENGRCON,,Grand Concourse Academy Charter School,,,11,,,1,,,12,
BENEFL,,Clarity Benefit Solutions,,BENGRDLFE,,Atrium Innovations - Garden of Life LLC,,,6,,,0,,,6,
BENEFL,,Clarity Benefit Solutions,,BENGREYLK,,"Greylock Capital Associates, LLC",,,1,,,0,,,1,
BENEFL,,Clarity Benefit Solutions,,BENGRFG,,Greenberg & Rapp Financial Group,,,0,,,2,,,2,
BENEFL,,Clarity Benefit Solutions,,BENGRNHLL,,"Greenhill Insurance Services, LLC",,,0,,,2,,,2,
BENEFL,,Clarity Benefit Solutions,,BENGRNTEC,,"Greentech Energy Services, Inc.",,,0,,,2,,,2,
BENEFL,,Clarity Benefit Solutions,,BENGROOVE,,Groove Productions LLC,,,4,,,0,,,4,
BENEFL,,Clarity Benefit Solutions,,BENGSMA,,Great Smoky Mountains Association,,,1,,,0,,,1,
BENEFL,,Clarity Benefit Solutions,,BENGSNYHC,,"GSNY Home Care Services, Inc.",,,4,,,4,,,8,
BENEFL,,Clarity Benefit Solutions,,BENGSTONE,,"Georgia Architectural Stone, Inc.",,,1,,,0,,,1,
BENEFL,,Clarity Benefit Solutions,,BENGTM,,Global Tax Management,,,1,,,0,,,1,
BENEFL,,Clarity Benefit Solutions,,BENGUTTER,,Guttermans Inc.,,,0,,,1,,,1,
BENEFL,,Clarity Benefit Solutions,,BENGVFH,,"Greenwich Village Funeral Home, Inc.",,,0,,,1,,,1,
BENEFL,,Clarity Benefit Solutions,,BENHACKEN,,Hackensack Golf Club,,,0,,,1,,,1,
BENEFL,,Clarity Benefit Solutions,,BENHACKIS,,ImageCare,,,1,,,2,,,3,
BENEFL,,Clarity Benefit Solutions,,BENHADAYB,,Housing Authority of Daytona,,,1,,,0,,,1,
BENEFL,,Clarity Benefit Solutions,,BENHAF,,"Hyacinth Aids Foundation, Inc",,,1,,,1,,,2,
BENEFL,,Clarity Benefit Solutions,,BENHAMPTN,,Hampton Marine Inc,,,1,,,18,,,19,
BENEFL,,Clarity Benefit Solutions,,BENHANDIN,,Hand In Hand Together Home Care,,,0,,,4,,,4,
BENEFL,,Clarity Benefit Solutions,,BENHANDOH,,Hand Over Hand LLC,,,6,,,1,,,7,
BENEFL,,Clarity Benefit Solutions,,BENHARD,,"Hardwire, LLC",,,37,,,0,,,37,
BENEFL,,Clarity Benefit Solutions,,BENHARHEA,,Harmony Healthcare IT,,,1,,,0,,,1,
BENEFL,,Clarity Benefit Solutions,,BENHARRIS,,Harrison Warehousing Corporation,,,4,,,0,,,4,
BENEFL,,Clarity Benefit Solutions,,BENHAVISI,,"Havis, Inc.",,,9,,,0,,,9,
BENEFL,,Clarity Benefit Solutions,,BENHBANKM,,The Harbor Bank of Maryland,,,1,,,0,,,1,
BENEFL,,Clarity Benefit Solutions,,BENHBKCPA,,HBK CPAs and Consultants,,,1,,,0,,,1,
BENEFL,,Clarity Benefit Solutions,,BENHBSONS,,"Harold Beck & Sons, Inc",,,1,,,0,,,1,
BENEFL,,Clarity Benefit Solutions,,BENHCAT,,"Health Catalyst, Inc.",,,13,,,29,,,42,
BENEFL,,Clarity Benefit Solutions,,BENHCC,,Huntington Crescent Club,,,1,,,2,,,3,
BENEFL,,Clarity Benefit Solutions,,BENHCRI,,Baim Institute for Clinical Research,,,1,,,0,,,1,
BENEFL,,Clarity Benefit Solutions,,BENHCVS,,Clinton Acura,,,1,,,0,,,1,
BENEFL,,Clarity Benefit Solutions,,BENHDA,,"Harrison Design Associates, Inc.",,,5,,,0,,,5,
BENEFL,,Clarity Benefit Solutions,,BENHEARTH,,Hearth & Home,,,1,,,0,,,1,
BENEFL,,Clarity Benefit Solutions,,BENHEETER,,Heeter Printing,,,1,,,0,,,1,
BENEFL,,Clarity Benefit Solutions,,BENHELPU,,"Helping U Homecare, Inc.",,,48,,,0,,,48,
BENEFL,,Clarity Benefit Solutions,,BENHHPR,,Harper Houf Peterson Righellis Inc,,,6,,,0,,,6,
BENEFL,,Clarity Benefit Solutions,,BENHILLCC,,Hillsborough Community College,,,3,,,3,,,6,
BENEFL,,Clarity Benefit Solutions,,BENHISP,,The Hispanic Society of America,,,0,,,1,,,1,
BENEFL,,Clarity Benefit Solutions,,BENHLCONT,,H&L Contracting LLC,,,1,,,26,,,27,
BENEFL,,Clarity Benefit Solutions,,BENHLIB,,"Home Loan Investment Bank, F.S.B.",,,0,,,1,,,1,
BENEFL,,Clarity Benefit Solutions,,BENHOLLY,,"The Hollyhock Foundation, Inc.",,,1,,,0,,,1,
BENEFL,,Clarity Benefit Solutions,,BENHOLTS,,"Holt's Cigar Holdings, Inc.",,,4,,,3,,,7,
BENEFL,,Clarity Benefit Solutions,,BENHOMIAK,,Homiak Transport Inc.,,,1,,,0,,,1,
BENEFL,,Clarity Benefit Solutions,,BENHOPHSE,,Hopkinson House,,,1,,,0,,,1,
BENEFL,,Clarity Benefit Solutions,,BENHORIAM,,"Horizon Kinetics, LLC.",,,1,,,1,,,2,
BENEFL,,Clarity Benefit Solutions,,BENHORMED,,Horizon Media Inc,,,2,,,3,,,5,
BENEFL,,Clarity Benefit Solutions,,BENHOUSE,,"Housing Trust Group, LLC",,,5,,,2,,,7,
BENEFL,,Clarity Benefit Solutions,,BENHQPS,,"Henry Quentzel Plumbing Supply Co., Inc.",,,0,,,1,,,1,
BENEFL,,Clarity Benefit Solutions,,BENHQT,,"Hoffmann Quality Tools USA, Inc.",,,1,,,2,,,3,
BENEFL,,Clarity Benefit Solutions,,BENHRACUI,,HR Acuity LLC,,,1,,,0,,,1,
BENEFL,,Clarity Benefit Solutions,,BENHRCPS,,"HRC Portfolio Solutions, LLC",,,1,,,1,,,2,
BENEFL,,Clarity Benefit Solutions,,BENHRPAAA,,AAA Person to Person Listing,,,13,,,0,,,13,
BENEFL,,Clarity Benefit Solutions,,BENHRPCSH,,"Commerce Street Holdings, Inc",,,3,,,0,,,3,
BENEFL,,Clarity Benefit Solutions,,BENHRPCSI,,CSL Capital Management,,,1,,,0,,,1,
BENEFL,,Clarity Benefit Solutions,,BENHRPHI,,Hansa-Flex USA,,,0,,,1,,,1,
BENEFL,,Clarity Benefit Solutions,,BENHRPHUM,,"Human Resources and Payroll, Inc",,,7,,,0,,,7,
BENEFL,,Clarity Benefit Solutions,,BENHRPINC,,"HR&P Administration, Inc.",,,14,,,0,,,14,
BENEFL,,Clarity Benefit Solutions,,BENHRPPLO,,"PetroLegacy Energy, II, LLC",,,0,,,2,,,2,
BENEFL,,Clarity Benefit Solutions,,BENHRPSAS,,"SAS-Steel Alloys & Services-TX, LLC",,,2,,,0,,,2,
BENEFL,,Clarity Benefit Solutions,,BENHRPSOG,,Spindletop Oil & Gas Co,,,1,,,0,,,1,
BENEFL,,Clarity Benefit Solutions,,BENHRSHIP,,"Herbert R. Shipley, Inc.",,,1,,,6,,,7,
BENEFL,,Clarity Benefit Solutions,,BENHTG,,HTG Management ,,,0,,,1,,,1,
BENEFL,,Clarity Benefit Solutions,,BENHUNTCC,,Huntington Country Club,,,1,,,0,,,1,
BENEFL,,Clarity Benefit Solutions,,BENHVLLLC,,Atrium Innovations - HVL LLC,,,5,,,0,,,5,
BENEFL,,Clarity Benefit Solutions,,BENIAVARN,,Iavarone Holding Co.,,,1,,,0,,,1,
BENEFL,,Clarity Benefit Solutions,,BENIBSRE,,"Integrated Business Systems, Inc.",,,1,,,0,,,1,
BENEFL,,Clarity Benefit Solutions,,BENICBC,,"ICBC Standard Resources (America), Inc",,,1,,,2,,,3,
BENEFL,,Clarity Benefit Solutions,,BENIDENT,,"Identity, Inc.",,,1,,,0,,,1,
BENEFL,,Clarity Benefit Solutions,,BENIGNW,,"InfoGroup Northwest, LLC. ",,,2,,,2,,,4,
BENEFL,,Clarity Benefit Solutions,,BENIHAUL,,I Haul Associates,,,2,,,1,,,3,
BENEFL,,Clarity Benefit Solutions,,BENILBCDI,,Bleeding and Clotting Disorders Inst.,,,8,,,0,,,8,
BENEFL,,Clarity Benefit Solutions,,BENILLIAN,,Illiana Financial Credit Union,,,2,,,0,,,2,
BENEFL,,Clarity Benefit Solutions,,BENILSDEN,,"Integrated Laminate Systems, Inc.",,,0,,,1,,,1,
BENEFL,,Clarity Benefit Solutions,,BENIMMLLC,,Integrated Media Management LLC,,,43,,,0,,,43,
BENEFL,,Clarity Benefit Solutions,,BENIMPAS,,ImpactAssets,,,10,,,0,,,10,
BENEFL,,Clarity Benefit Solutions,,BENIMPCON,,"Impact Environmental Consulting, Inc.",,,3,,,2,,,5,
BENEFL,,Clarity Benefit Solutions,,BENINDNTL,,Indian Trail Club LLC,,,1,,,0,,,1,
BENEFL,,Clarity Benefit Solutions,,BENINFOLO,,Infologitech Inc,,,1,,,0,,,1,
BENEFL,,Clarity Benefit Solutions,,BENINFORS,,Infors USA Inc. ,,,1,,,0,,,1,
BENEFL,,Clarity Benefit Solutions,,BENINIDEA,,Inside Ideas,,,1,,,1,,,2,
BENEFL,,Clarity Benefit Solutions,,BENINNCON,,"Innovative Management Concepts, Inc.",,,28,,,0,,,28,
BENEFL,,Clarity Benefit Solutions,,BENINPMGT,,"Apis Services, Inc.",,,11,,,6,,,17,
BENEFL,,Clarity Benefit Solutions,,BENINSTIN,,Instinet Group Inc,,,1,,,8,,,9,
BENEFL,,Clarity Benefit Solutions,,BENINSURE,,Insureon,,,1,,,0,,,1,
BENEFL,,Clarity Benefit Solutions,,BENINTAG,,Integrity Automotive Group,,,0,,,3,,,3,
BENEFL,,Clarity Benefit Solutions,,BENINTCFT,,International Campaign for Tibet,,,24,,,0,,,24,
BENEFL,,Clarity Benefit Solutions,,BENINTELE,,Intelerad LTD,,,1,,,0,,,1,
BENEFL,,Clarity Benefit Solutions,,BENINTEX,,Intex Millwork Solutions,,,4,,,0,,,4,
BENEFL,,Clarity Benefit Solutions,,BENINTGHC,,"Integrated Home Care Services, Inc.",,,3,,,0,,,3,
BENEFL,,Clarity Benefit Solutions,,BENINTMED,,Internal Medicine Associates,,,2,,,0,,,2,
BENEFL,,Clarity Benefit Solutions,,BENINTROM,,Intarome Fragrance Corp,,,1,,,0,,,1,
BENEFL,,Clarity Benefit Solutions,,BENIRONFI,,Iron Fish Construction LLC,,,1,,,0,,,1,
BENEFL,,Clarity Benefit Solutions,,BENISAMU,,The Noguchi Museum,,,0,,,15,,,15,
BENEFL,,Clarity Benefit Solutions,,BENISOL,,Isolantite Mfg Co Inc.,,,0,,,1,,,1,
BENEFL,,Clarity Benefit Solutions,,BENIUHC,,Investec USA Holdings Corp.,,,1,,,0,,,1,
BENEFL,,Clarity Benefit Solutions,,BENIVBULK,,Indian Valley Bulk Carriers,,,0,,,2,,,2,
BENEFL,,Clarity Benefit Solutions,,BENJBA,,"Jenkins, Baer Associates",,,0,,,5,,,5,
BENEFL,,Clarity Benefit Solutions,,BENJESCO,,Jesco Inc.,,,4,,,2,,,6,
BENEFL,,Clarity Benefit Solutions,,BENJESPY,,Jespy House Inc.,,,2,,,0,,,2,
BENEFL,,Clarity Benefit Solutions,,BENJKRP,,JKRP Architects,,,1,,,2,,,3,
BENEFL,,Clarity Benefit Solutions,,BENJNKS,,Jenkinson's South Inc. ,,,0,,,1,,,1,
BENEFL,,Clarity Benefit Solutions,,BENJNSMKH,,Jonathan Simkhai Inc.,,,6,,,0,,,6,
BENEFL,,Clarity Benefit Solutions,,BENJOLTCO,,Forcivity,,,0,,,1,,,1,
BENEFL,,Clarity Benefit Solutions,,BENJONEMH,,Jones Memorial Hospital,,,101,,,0,,,101,
BENEFL,,Clarity Benefit Solutions,,BENJOYCE,,Joyce Motors Corp,,,1,,,4,,,5,
BENEFL,,Clarity Benefit Solutions,,BENJSUPOR,,J Supor & Son Trucking & Rigging Co Inc.,,,0,,,3,,,3,
BENEFL,,Clarity Benefit Solutions,,BENJWALLN,,J.W. Allen & Company,,,2,,,0,,,2,
BENEFL,,Clarity Benefit Solutions,,BENKAASI,,"Kitchen and Associates Services, Inc",,,0,,,16,,,16,
BENEFL,,Clarity Benefit Solutions,,BENKAISER,,The Kaiser Group,,,6,,,1,,,7,
BENEFL,,Clarity Benefit Solutions,,BENKASEYA,,Kaseya US Sales LLC,,,44,,,0,,,44,
BENEFL,,Clarity Benefit Solutions,,BENKBCBNV,,KBC Bank NV,,,1,,,1,,,2,
BENEFL,,Clarity Benefit Solutions,,BENKELPRS,,Kelly Press Inc.,,,1,,,2,,,3,
BENEFL,,Clarity Benefit Solutions,,BENKENIF,,"The Kenific Group, Inc",,,3,,,0,,,3,
BENEFL,,Clarity Benefit Solutions,,BENKENIG,,Kennedy Investment Group,,,0,,,1,,,1,
BENEFL,,Clarity Benefit Solutions,,BENKINT,,Kinetics Control Systems,,,0,,,1,,,1,
BENEFL,,Clarity Benefit Solutions,,BENKLDENG,,"KLD Engineering, P.C.",,,0,,,1,,,1,
BENEFL,,Clarity Benefit Solutions,,BENKLDINC,,KLD Associates Inc.,,,4,,,10,,,14,
BENEFL,,Clarity Benefit Solutions,,BENKLLLAW,,"Kagan, Lubic, Lepper, Finkelstein & Gold",,,0,,,1,,,1,
BENEFL,,Clarity Benefit Solutions,,BENKNOWGR,,Knowland Group LLC,,,3,,,0,,,3,
BENEFL,,Clarity Benefit Solutions,,BENLABBID,,"Laboratories Bidco, LLC",,,156,,,0,,,156,
BENEFL,,Clarity Benefit Solutions,,BENLAFAY,,Lafayette 148,,,9,,,6,,,15,
BENEFL,,Clarity Benefit Solutions,,BENLAMBFG,,Lamb Insurance Services,,,5,,,2,,,7,
BENEFL,,Clarity Benefit Solutions,,BENLAPINE,,"David S Lapine, Inc.",,,6,,,0,,,6,
BENEFL,,Clarity Benefit Solutions,,BENLARMSI,,"Larsen Marine Service, Inc",,,5,,,0,,,5,
BENEFL,,Clarity Benefit Solutions,,BENLEPPOS,,Leppo Inc.,,,0,,,1,,,1,
BENEFL,,Clarity Benefit Solutions,,BENLERER,,"Lerer Hippeau Ventures Management, LLC",,,4,,,0,,,4,
BENEFL,,Clarity Benefit Solutions,,BENLGCSC,,Lesbian & Gay Community Services Center,,,3,,,0,,,3,
BENEFL,,Clarity Benefit Solutions,,BENLIDO,,Lido Lighting Inc.,,,1,,,0,,,1,
BENEFL,,Clarity Benefit Solutions,,BENLIHSTA,,LIH Staffing,,,20,,,0,,,20,
BENEFL,,Clarity Benefit Solutions,,BENLINK,,Link Community School,,,4,,,0,,,4,
BENEFL,,Clarity Benefit Solutions,,BENLIQUID,,"Liquidity Services, Inc.",,,2,,,0,,,2,
BENEFL,,Clarity Benefit Solutions,,BENLISANT,,"Lisanti Capital Growth, LLC",,,1,,,1,,,2,
BENEFL,,Clarity Benefit Solutions,,BENLIVCIT,,"Living Cities, Inc.",,,0,,,2,,,2,
BENEFL,,Clarity Benefit Solutions,,BENLJALT,,LJ Altfest & Co Inc,,,3,,,0,,,3,
BENEFL,,Clarity Benefit Solutions,,BENLOCKS,,Locks Law Firm,,,2,,,1,,,3,
BENEFL,,Clarity Benefit Solutions,,BENLOCUST,,"Locust Street Solutions, LLC",,,3,,,1,,,4,
BENEFL,,Clarity Benefit Solutions,,BENLVYRTR,,"Levy Ratner, P.C.",,,1,,,1,,,2,
BENEFL,,Clarity Benefit Solutions,,BENMADHON,,Madison Honda,,,0,,,1,,,1,
BENEFL,,Clarity Benefit Solutions,,BENMAGIAF,,Magazzino of Italian Art Foundation,,,1,,,2,,,3,
BENEFL,,Clarity Benefit Solutions,,BENMARBAC,,"Marbach America, Inc.",,,0,,,1,,,1,
BENEFL,,Clarity Benefit Solutions,,BENMARINE,,Marine Equipment and Supply Company,,,1,,,2,,,3,
BENEFL,,Clarity Benefit Solutions,,BENMASON,,Southampton Masonry,,,0,,,1,,,1,
BENEFL,,Clarity Benefit Solutions,,BENMASSAR,,"Massar Capital Management, LP",,,0,,,1,,,1,
BENEFL,,Clarity Benefit Solutions,,BENMATERA,,Cristina Matera MD PC,,,0,,,1,,,1,
BENEFL,,Clarity Benefit Solutions,,BENMAYVIN,,"Mayvin, Inc.",,,7,,,0,,,7,
BENEFL,,Clarity Benefit Solutions,,BENMBB,,MBB Auto LLC-Mercedes Benz of Brooklyn,,,1,,,0,,,1,
BENEFL,,Clarity Benefit Solutions,,BENMCHENR,,McHenry & Horan,,,5,,,0,,,5,
BENEFL,,Clarity Benefit Solutions,,BENMCOE,,Mike Chambers Oakhurst Electric,,,0,,,2,,,2,
BENEFL,,Clarity Benefit Solutions,,BENMCSTEM,,Middlesex County STEM Charter School,,,3,,,0,,,3,
BENEFL,,Clarity Benefit Solutions,,BENMDIC,,MDIC,,,3,,,0,,,3,
BENEFL,,Clarity Benefit Solutions,,BENMDTRD,,"Medtrade, Inc. ",,,1,,,0,,,1,
BENEFL,,Clarity Benefit Solutions,,BENMELGAR,,"Melgar Facility Maintenance, LLC",,,1,,,0,,,1,
BENEFL,,Clarity Benefit Solutions,,BENMERCYH,,"Mercy Haven, Inc.",,,0,,,1,,,1,
BENEFL,,Clarity Benefit Solutions,,BENMERRIL,,"Merrill Y. Landis, LTD.",,,1,,,2,,,3,
BENEFL,,Clarity Benefit Solutions,,BENMETART,,"Metropolitan Arts & Antiques Pavilion, L",,,3,,,0,,,3,
BENEFL,,Clarity Benefit Solutions,,BENMETCC,,Metropolis Country Club,,,0,,,2,,,2,
BENEFL,,Clarity Benefit Solutions,,BENMETLAB,,"Metro Analytical Laboratories, LLC ",,,1,,,2,,,3,
BENEFL,,Clarity Benefit Solutions,,BENMETPGA,,Metropolitan Section PGA Inc.,,,1,,,1,,,2,
BENEFL,,Clarity Benefit Solutions,,BENMETROC,,"Metropolitan Contract Carpets, Inc.",,,2,,,0,,,2,
BENEFL,,Clarity Benefit Solutions,,BENMGA,,Metropolitan Golf Association,,,3,,,0,,,3,
BENEFL,,Clarity Benefit Solutions,,BENMHWI,,"Metropolitan Homecare Way, Inc.",,,0,,,1,,,1,
BENEFL,,Clarity Benefit Solutions,,BENMICWER,,Michael Werner,,,4,,,2,,,6,
BENEFL,,Clarity Benefit Solutions,,BENMIDTWN,,Midtown Consulting Group,,,4,,,2,,,6,
BENEFL,,Clarity Benefit Solutions,,BENMISONX,,Misonix,,,1,,,2,,,3,
BENEFL,,Clarity Benefit Solutions,,BENMLIP,,MainLine Investment Partners LLC,,,2,,,0,,,2,
BENEFL,,Clarity Benefit Solutions,,BENMLSINC,,"Market Logic Software, Inc.",,,1,,,0,,,1,
BENEFL,,Clarity Benefit Solutions,,BENMMART,,Merchandise Mart Plaza,,,1,,,6,,,7,
BENEFL,,Clarity Benefit Solutions,,BENMMETER,,"Master Meter, Inc. ",,,1,,,0,,,1,
BENEFL,,Clarity Benefit Solutions,,BENMMMORL,,"OpenRoad Lending, LLC",,,2,,,1,,,3,
BENEFL,,Clarity Benefit Solutions,,BENMNOVICK,,"Michael K. Novick, M.D., P.C.",,,2,,,0,,,2,
BENEFL,,Clarity Benefit Solutions,,BENMOBILE,,MobileFuse,,,1,,,0,,,1,
BENEFL,,Clarity Benefit Solutions,,BENMOBOTX,,Mobotix Corporation,,,5,,,0,,,5,
BENEFL,,Clarity Benefit Solutions,,BENMODULA,,"Modular Devices, Inc.",,,1,,,0,,,1,
BENEFL,,Clarity Benefit Solutions,,BENMOHAWK,,The Mohawk Condominium,,,0,,,1,,,1,
BENEFL,,Clarity Benefit Solutions,,BENMONDRN,,The Mondrian Condominium,,,1,,,1,,,2,
BENEFL,,Clarity Benefit Solutions,,BENMONTEC,,Montecito Water District,,,1,,,0,,,1,
BENEFL,,Clarity Benefit Solutions,,BENMOONEY,,"Mooney, Green, Saindon, Murphy & Welch P",,,0,,,4,,,4,
BENEFL,,Clarity Benefit Solutions,,BENMORRIS,,Morris Animal Inn,,,6,,,2,,,8,
BENEFL,,Clarity Benefit Solutions,,BENMOVHDI,,"Martin, Ottaway, van Hemmen & Dolan Inc",,,1,,,1,,,2,
BENEFL,,Clarity Benefit Solutions,,BENMOYER,,"Moyer & Sons Moving & Storage, Inc.",,,1,,,0,,,1,
BENEFL,,Clarity Benefit Solutions,,BENMOYERM,,Moyer Move Management,,,1,,,0,,,1,
BENEFL,,Clarity Benefit Solutions,,BENMPFFED,,"MPF Federal, LLC",,,1,,,1,,,2,
BENEFL,,Clarity Benefit Solutions,,BENMRSG,,"Mrs. G's Services, LLC",,,184,,,81,,,265,
BENEFL,,Clarity Benefit Solutions,,BENMTBC,,"CareCloud, Inc.",,,58,,,2,,,60,
BENEFL,,Clarity Benefit Solutions,,BENMTCNYC,,"Manhattan Theatre Club, Inc",,,3,,,2,,,5,
BENEFL,,Clarity Benefit Solutions,,BENMTMOOR,,Mt. Morris Township,,,2,,,2,,,4,
BENEFL,,Clarity Benefit Solutions,,BENMTROCM,,"Metro Commercial Real Estate, Inc.",,,1,,,0,,,1,
BENEFL,,Clarity Benefit Solutions,,BENNANTEZ,,"Nantez, Inc.",,,2,,,1,,,3,
BENEFL,,Clarity Benefit Solutions,,BENNAPA,,Napa Pain Institute -Group,,,0,,,1,,,1,
BENEFL,,Clarity Benefit Solutions,,BENNARPCA,,NARAL Pro-Choice America,,,1,,,0,,,1,
BENEFL,,Clarity Benefit Solutions,,BENNASWA,,National Association of State Workforce Agencies,,,2,,,1,,,3,
BENEFL,,Clarity Benefit Solutions,,BENNATCAP,,"National Capitol Contracting, LLC",,,2,,,0,,,2,
BENEFL,,Clarity Benefit Solutions,,BENNATSKI,,National Skills Coalition,,,44,,,0,,,44,
BENEFL,,Clarity Benefit Solutions,,BENNAVC,,National Volunteer Fire Council,,,1,,,0,,,1,
BENEFL,,Clarity Benefit Solutions,,BENNBTA,,National Business Travel Association,,,1,,,0,,,1,
BENEFL,,Clarity Benefit Solutions,,BENNCPDFC,,NCPD Federal Credit Union,,,1,,,1,,,2,
BENEFL,,Clarity Benefit Solutions,,BENNCSHEL,,Neighborhood Coalition for Shelter,,,2,,,0,,,2,
BENEFL,,Clarity Benefit Solutions,,BENNEAD,,Nead Electric Inc.,,,0,,,2,,,2,
BENEFL,,Clarity Benefit Solutions,,BENNEONONE,,Neon One,,,38,,,0,,,38,
BENEFL,,Clarity Benefit Solutions,,BENNETA,,NETA,,,2,,,1,,,3,
BENEFL,,Clarity Benefit Solutions,,BENNETADJ,,Network Adjusters,,,2,,,1,,,3,
BENEFL,,Clarity Benefit Solutions,,BENNETELX,,NetElixir Inc.,,,3,,,1,,,4,
BENEFL,,Clarity Benefit Solutions,,BENNEWARK,,Newark Trust for Education,,,0,,,1,,,1,
BENEFL,,Clarity Benefit Solutions,,BENNEWINS,,Newins Bay Shore Ford,,,0,,,4,,,4,
BENEFL,,Clarity Benefit Solutions,,BENNFNLLC,,National Financial Network Inc.,,,0,,,2,,,2,
BENEFL,,Clarity Benefit Solutions,,BENNHCHC,,National Health Care for the Homeless ,,,2,,,1,,,3,
BENEFL,,Clarity Benefit Solutions,,BENNHEP,,New Haven Ecology Project,,,0,,,1,,,1,
BENEFL,,Clarity Benefit Solutions,,BENNJACOR,,New Jersey Association On Correction,,,0,,,2,,,2,
BENEFL,,Clarity Benefit Solutions,,BENNMGI,,"Nicholas Management Group, Inc.",,,1,,,0,,,1,
BENEFL,,Clarity Benefit Solutions,,BENNMI,,NMI - Network Merchants LLC,,,1,,,1,,,2,
BENEFL,,Clarity Benefit Solutions,,BENNMIC,,Northern Manhattan Improvement Corp.,,,2,,,6,,,8,
BENEFL,,Clarity Benefit Solutions,,BENNOMURA,,Nomura Securities International,,,26,,,39,,,65,
BENEFL,,Clarity Benefit Solutions,,BENNORDSH,,Norden Shipping USA LLC ,,,5,,,0,,,5,
BENEFL,,Clarity Benefit Solutions,,BENNORGES,,Norges Bank,,,2,,,0,,,2,
BENEFL,,Clarity Benefit Solutions,,BENNOVICK,,Novick Brothers Corp,,,1,,,0,,,1,
BENEFL,,Clarity Benefit Solutions,,BENNQGRG,,"Neuberger, Quinn, Gielen, Rubin & Gibber, PA",,,2,,,0,,,2,
BENEFL,,Clarity Benefit Solutions,,BENNRIA,,"Nomura Research Institute America, Inc",,,0,,,1,,,1,
BENEFL,,Clarity Benefit Solutions,,BENNUSPIRE,,NUSPIRE LLC,,,1,,,0,,,1,
BENEFL,,Clarity Benefit Solutions,,BENNYAS,,The New York Academy of Sciences,,,1,,,3,,,4,
BENEFL,,Clarity Benefit Solutions,,BENNYAWC,,WOMANKIND formerly NY Asian Women's Cent,,,0,,,2,,,2,
BENEFL,,Clarity Benefit Solutions,,BENNYCALI,,NYC Alliance Holdings LLC,,,6,,,6,,,12,
BENEFL,,Clarity Benefit Solutions,,BENNYCCO,,NYC & Company,,,1,,,0,,,1,
BENEFL,,Clarity Benefit Solutions,,BENNYCECF,,NYC Educational Construction Fund,,,3,,,0,,,3,
BENEFL,,Clarity Benefit Solutions,,BENNYPL,,New York Public Library,,,12,,,5,,,17,
BENEFL,,Clarity Benefit Solutions,,BENOAHHS,,Oregon Assoc. of Hospitals & Health Syst,,,1,,,1,,,2,
BENEFL,,Clarity Benefit Solutions,,BENOCM,,Oversea Chinese Mission,,,0,,,11,,,11,
BENEFL,,Clarity Benefit Solutions,,BENODGBER,,Odgers Berndtson LLC,,,1,,,1,,,2,
BENEFL,,Clarity Benefit Solutions,,BENOFCLLC,,OFC LLC,,,2,,,0,,,2,
BENEFL,,Clarity Benefit Solutions,,BENOLIVER,,Oliver Communications Group Inc.,,,1,,,1,,,2,
BENEFL,,Clarity Benefit Solutions,,BENOML,,"OML, Inc.",,,15,,,3,,,18,
BENEFL,,Clarity Benefit Solutions,,BENOPENDR,,"Open Door NY Home Care Services, Inc.",,,24,,,10,,,34,
BENEFL,,Clarity Benefit Solutions,,BENOPENI,,"Open Systems Integrators, Inc",,,0,,,2,,,2,
BENEFL,,Clarity Benefit Solutions,,BENOPTIMA,,"Optima, Inc.",,,1,,,1,,,2,
BENEFL,,Clarity Benefit Solutions,,BENORTHOD,,Union of Orthodox Jewish,,,3,,,10,,,13,
BENEFL,,Clarity Benefit Solutions,,BENOSI,,Orion Systems Inc.,,,0,,,9,,,9,
BENEFL,,Clarity Benefit Solutions,,BENOURCRE,,OurCare In-Home Health Services,,,24,,,2,,,26,
BENEFL,,Clarity Benefit Solutions,,BENOWGOLF,,"Old Westbury Golf & Country Club, Inc.",,,6,,,0,,,6,
BENEFL,,Clarity Benefit Solutions,,BENPACINC,,"Princeton Air Conditioning, Inc.",,,6,,,3,,,9,
BENEFL,,Clarity Benefit Solutions,,BENPACOR,,"Pacor, Inc",,,0,,,1,,,1,
BENEFL,,Clarity Benefit Solutions,,BENPAPA,,Papamarkou Wellner Asset Management Inc,,,0,,,1,,,1,
BENEFL,,Clarity Benefit Solutions,,BENPARKAV,,Park Avenue Building & Roofing Supplies ,,,1,,,1,,,2,
BENEFL,,Clarity Benefit Solutions,,BENPATHOU,,The Patterson House,,,1,,,0,,,1,
BENEFL,,Clarity Benefit Solutions,,BENPAYMAX,,"Paymax Services, Inc.",,,1,,,0,,,1,
BENEFL,,Clarity Benefit Solutions,,BENPECO,,Peconic Land Trust,,,1,,,2,,,3,
BENEFL,,Clarity Benefit Solutions,,BENPEDS,,Park East Day School,,,1,,,5,,,6,
BENEFL,,Clarity Benefit Solutions,,BENPELLAH,,Pella Regional Health Center,,,1,,,18,,,19,
BENEFL,,Clarity Benefit Solutions,,BENPENCAP,,Pure Encapsulations LLC,,,9,,,1,,,10,
BENEFL,,Clarity Benefit Solutions,,BENPENNOY,,Peter Pennoyer Architects D.P.C.,,,2,,,2,,,4,
BENEFL,,Clarity Benefit Solutions,,BENPENNS,,Pennswood Village,,,3,,,0,,,3,
BENEFL,,Clarity Benefit Solutions,,BENPFFORG,,Planting Fields Foundation,,,1,,,0,,,1,
BENEFL,,Clarity Benefit Solutions,,BENPFGNAI,,"Poltrona Frau North America, Inc.",,,0,,,1,,,1,
BENEFL,,Clarity Benefit Solutions,,BENPGINT,,Patriot Group International Inc.,,,3,,,0,,,3,
BENEFL,,Clarity Benefit Solutions,,BENPHAPH,,Austin Proper Hotel,,,1,,,1,,,2,
BENEFL,,Clarity Benefit Solutions,,BENPHDPH,,Downtown Proper Hotel,,,1,,,0,,,1,
BENEFL,,Clarity Benefit Solutions,,BENPHYMCA,,Greater Philadelphia YMCA,,,12,,,1,,,13,
BENEFL,,Clarity Benefit Solutions,,BENPINESW,,The Pines At Whiting,,,1,,,0,,,1,
BENEFL,,Clarity Benefit Solutions,,BENPLATEA,,Plateau Software Inc.,,,5,,,2,,,7,
BENEFL,,Clarity Benefit Solutions,,BENPLATS,,"Platsky Company, Inc.",,,1,,,1,,,2,
BENEFL,,Clarity Benefit Solutions,,BENPLDEVEL,,"P&L Development, LLC.",,,17,,,10,,,27,
BENEFL,,Clarity Benefit Solutions,,BENPLIANC,,Pliancy,,,11,,,1,,,12,
BENEFL,,Clarity Benefit Solutions,,BENPLYCHR,,Plymouth Church School,,,1,,,0,,,1,
BENEFL,,Clarity Benefit Solutions,,BENPLYPTH,,PolyPaths LLC,,,0,,,1,,,1,
BENEFL,,Clarity Benefit Solutions,,BENPOPUL,,Population Council,,,0,,,6,,,6,
BENEFL,,Clarity Benefit Solutions,,BENPOSTMG,,Post Management LLC,,,0,,,3,,,3,
BENEFL,,Clarity Benefit Solutions,,BENPPCBT,,"CBT Bus Transit, Inc.",,,2,,,0,,,2,
BENEFL,,Clarity Benefit Solutions,,BENPREMBR,,Premier Brands of America Inc,,,1,,,0,,,1,
BENEFL,,Clarity Benefit Solutions,,BENPREPRS,,Premier Press,,,2,,,1,,,3,
BENEFL,,Clarity Benefit Solutions,,BENPRESTPR,,Prestone Printing Co. Inc.,,,35,,,0,,,35,
BENEFL,,Clarity Benefit Solutions,,BENPRFREE,,"Project Freedom, Inc.",,,0,,,1,,,1,
BENEFL,,Clarity Benefit Solutions,,BENPRHOME,,Principle Homecare LLC,,,11,,,5,,,16,
BENEFL,,Clarity Benefit Solutions,,BENPRISM,,Prism Capital Partners LLC,,,2,,,0,,,2,
BENEFL,,Clarity Benefit Solutions,,BENPRMAPE,,Practice Makes Perfect,,,6,,,2,,,8,
BENEFL,,Clarity Benefit Solutions,,BENPROLIS,,"ProList, Inc.",,,23,,,14,,,37,
BENEFL,,Clarity Benefit Solutions,,BENPROM,,"Prominent Escrow Services, Inc.",,,0,,,1,,,1,
BENEFL,,Clarity Benefit Solutions,,BENPROMAR,,"Promar Precision Engineer Rebuilders, In",,,0,,,3,,,3,
BENEFL,,Clarity Benefit Solutions,,BENPROPRK,,Prospect Park Jewish Center,,,1,,,1,,,2,
BENEFL,,Clarity Benefit Solutions,,BENPROTECS,,"PROTECS, LLC",,,2,,,0,,,2,
BENEFL,,Clarity Benefit Solutions,,BENPRTGIM,,"Prestige Imports, Inc.",,,0,,,5,,,5,
BENEFL,,Clarity Benefit Solutions,,BENPWGROS,,P.W. Grosser Consulting,,,3,,,11,,,14,
BENEFL,,Clarity Benefit Solutions,,BENPWIMPS,,Prestige Wine Imports Corp,,,0,,,1,,,1,
BENEFL,,Clarity Benefit Solutions,,BENPWLTD,,Panorama Windows Ltd,,,0,,,3,,,3,
BENEFL,,Clarity Benefit Solutions,,BENQMMS,,QMMS LLC,,,22,,,0,,,22,
BENEFL,,Clarity Benefit Solutions,,BENQUESTC,,"Quest Consultants, LLC dba Aerstone",,,23,,,0,,,23,
BENEFL,,Clarity Benefit Solutions,,BENQUOGUE,,Quogue Management Club,,,0,,,1,,,1,
BENEFL,,Clarity Benefit Solutions,,BENQUOTNT,,Quotient Biodiagnostics Inc.,,,0,,,2,,,2,
BENEFL,,Clarity Benefit Solutions,,BENRADMD,,"RadMD, LLC",,,5,,,0,,,5,
BENEFL,,Clarity Benefit Solutions,,BENRAIN,,"R.A.I.N., INC.",,,0,,,2,,,2,
BENEFL,,Clarity Benefit Solutions,,BENRANLOG,,Rand Logistics,,,0,,,4,,,4,
BENEFL,,Clarity Benefit Solutions,,BENRDWING,,City of Red Wing,,,0,,,1,,,1,
BENEFL,,Clarity Benefit Solutions,,BENRECCO,,"Recco Home Care Service, Inc.",,,0,,,34,,,34,
BENEFL,,Clarity Benefit Solutions,,BENRECIP,,Reciprocal Management Corporation,,,0,,,1,,,1,
BENEFL,,Clarity Benefit Solutions,,BENREINR,,"Reinauer Transportation Co., LLC",,,1,,,1,,,2,
BENEFL,,Clarity Benefit Solutions,,BENRETR,,"The Retreat, Inc.",,,2,,,0,,,2,
BENEFL,,Clarity Benefit Solutions,,BENREVHLT,,RevHealth LLC,,,1,,,0,,,1,
BENEFL,,Clarity Benefit Solutions,,BENRGNCM,,"RG Niederhoffer Capital Management, Inc.",,,3,,,0,,,3,
BENEFL,,Clarity Benefit Solutions,,BENRHAP,,Reproductive Health Access Project,,,0,,,1,,,1,
BENEFL,,Clarity Benefit Solutions,,BENRIPPLE,,"Ripple Effect Communications, Inc.",,,0,,,4,,,4,
BENEFL,,Clarity Benefit Solutions,,BENRISSUN,,Rising Sun Woodworking,,,0,,,2,,,2,
BENEFL,,Clarity Benefit Solutions,,BENRLSFT,,"Realsoft Technologies, LLC",,,4,,,0,,,4,
BENEFL,,Clarity Benefit Solutions,,BENRNDABT,,Roundabout Theatre Company,,,13,,,72,,,85,
BENEFL,,Clarity Benefit Solutions,,BENROBSAM,,"Robert B. Samuels, Inc.",,,0,,,2,,,2,
BENEFL,,Clarity Benefit Solutions,,BENROCK,,Blue Rock Construction Inc.,,,5,,,2,,,7,
BENEFL,,Clarity Benefit Solutions,,BENROSSIN,,Ross Institute,,,1,,,0,,,1,
BENEFL,,Clarity Benefit Solutions,,BENROTBLK,,Rotwein and Blake Associated Architects ,,,0,,,1,,,1,
BENEFL,,Clarity Benefit Solutions,,BENROVMAIN,,"Rovmain, Inc.",,,0,,,2,,,2,
BENEFL,,Clarity Benefit Solutions,,BENRPPINC,,Roland Park Place,,,5,,,2,,,7,
BENEFL,,Clarity Benefit Solutions,,BENRSM,,RSM Holdings,,,4,,,1,,,5,
BENEFL,,Clarity Benefit Solutions,,BENRSRCHD,,"Research Director, Inc.",,,2,,,0,,,2,
BENEFL,,Clarity Benefit Solutions,,BENRTDFIN,,"RTD Financial Advisors, Inc.",,,1,,,0,,,1,
BENEFL,,Clarity Benefit Solutions,,BENRVCNJ,,Livingston Vitreo-Retinal Associates,,,0,,,1,,,1,
BENEFL,,Clarity Benefit Solutions,,BENSACKET,,Sackett Potatoes ,,,47,,,0,,,47,
BENEFL,,Clarity Benefit Solutions,,BENSALBRO,,"Salomone Bros., Inc.",,,5,,,2,,,7,
BENEFL,,Clarity Benefit Solutions,,BENSALCAR,,SalCare Home Health Services,,,25,,,5,,,30,
BENEFL,,Clarity Benefit Solutions,,BENSALTZ,,Saltz Mongeluzzi & Bendesky P.C.,,,2,,,1,,,3,
BENEFL,,Clarity Benefit Solutions,,BENSAMCO,,"SAMCO Enterprises, Inc.",,,0,,,3,,,3,
BENEFL,,Clarity Benefit Solutions,,BENSANCTU,,Sanctuary For Families ,,,3,,,3,,,6,
BENEFL,,Clarity Benefit Solutions,,BENSANSIM,,San Simeon by the Sound,,,0,,,2,,,2,
BENEFL,,Clarity Benefit Solutions,,BENSBARCH,,SB Architects,,,1,,,0,,,1,
BENEFL,,Clarity Benefit Solutions,,BENSBTENN,,Southern Bank of Tennessee,,,1,,,0,,,1,
BENEFL,,Clarity Benefit Solutions,,BENSCARS,,Scarsdale Golf Club,,,3,,,1,,,4,
BENEFL,,Clarity Benefit Solutions,,BENSCEPTR,,Sceptre Management Solutions,,,3,,,0,,,3,
BENEFL,,Clarity Benefit Solutions,,BENSCHOEN,,"Schoeneck Containers, Inc.",,,1,,,1,,,2,
BENEFL,,Clarity Benefit Solutions,,BENSCHSON,,Schweid & Sons,,,1,,,0,,,1,
BENEFL,,Clarity Benefit Solutions,,BENSCIULL,,"Sciullo Engineering Services, LLC",,,0,,,1,,,1,
BENEFL,,Clarity Benefit Solutions,,BENSCSAGE,,SCS Agency Inc,,,23,,,0,,,23,
BENEFL,,Clarity Benefit Solutions,,BENSEAGIS,,Seagis Property Group LP,,,3,,,2,,,5,
BENEFL,,Clarity Benefit Solutions,,BENSEAWK,,Seawanhaka Corinthian Yacht Club,,,0,,,1,,,1,
BENEFL,,Clarity Benefit Solutions,,BENSEBCO,,SEBCO Development Inc.,,,1,,,1,,,2,
BENEFL,,Clarity Benefit Solutions,,BENSEBNC,,Southeast Bronx Neighborhood Centers,,,0,,,4,,,4,
BENEFL,,Clarity Benefit Solutions,,BENSECINN,,Secure Innovations,,,34,,,0,,,34,
BENEFL,,Clarity Benefit Solutions,,BENSECURE,,"The SecureCom Group, Ltd",,,0,,,1,,,1,
BENEFL,,Clarity Benefit Solutions,,BENSENECA,,"Seneca Dairy Systems, LLC",,,1,,,0,,,1,
BENEFL,,Clarity Benefit Solutions,,BENSENSPE,,Sensory Spectrum Inc,,,5,,,0,,,5,
BENEFL,,Clarity Benefit Solutions,,BENSEPAMU,,SEPA Mujer Inc.,,,3,,,0,,,3,
BENEFL,,Clarity Benefit Solutions,,BENSERDC,,Services for the Dev Challanged,,,0,,,1,,,1,
BENEFL,,Clarity Benefit Solutions,,BENSFEHVN,,"Safe Haven Home Care, Inc.",,,11,,,10,,,21,
BENEFL,,Clarity Benefit Solutions,,BENSGOLD,,Sutherland Gold Group,,,1,,,0,,,1,
BENEFL,,Clarity Benefit Solutions,,BENSHCC,,Sleepy Hollow Country Club,,,0,,,2,,,2,
BENEFL,,Clarity Benefit Solutions,,BENSHMRK,,Shamrock Construction Group Inc. ,,,0,,,1,,,1,
BENEFL,,Clarity Benefit Solutions,,BENSHOLDC,,Sholom Day Care Inc.,,,1,,,0,,,1,
BENEFL,,Clarity Benefit Solutions,,BENSHOLOM,,Sholom Sholom Inc. ,,,1,,,0,,,1,
BENEFL,,Clarity Benefit Solutions,,BENSIAM,,Society for Industrial & Applied Math,,,0,,,2,,,2,
BENEFL,,Clarity Benefit Solutions,,BENSILVA,,Silva Contracting,,,2,,,0,,,2,
BENEFL,,Clarity Benefit Solutions,,BENSIMCOM,,Simplify Compliance,,,2,,,1,,,3,
BENEFL,,Clarity Benefit Solutions,,BENSIMHOU,,Simpson Housing LLLP,,,116,,,0,,,116,
BENEFL,,Clarity Benefit Solutions,,BENSJGASC,,"South Jersey Industries, Inc.",,,24,,,1,,,25,
BENEFL,,Clarity Benefit Solutions,,BENSJRSAN,,"South Jersey Sanitation Co, Inc",,,1,,,0,,,1,
BENEFL,,Clarity Benefit Solutions,,BENSKC,,"SKC & Co. CPAs, L.L.C.",,,4,,,1,,,5,
BENEFL,,Clarity Benefit Solutions,,BENSKILL,,Skill Survey Inc.,,,1,,,0,,,1,
BENEFL,,Clarity Benefit Solutions,,BENSKP,,"Spielman Koenigsberg & Parker, LLP",,,1,,,0,,,1,
BENEFL,,Clarity Benefit Solutions,,BENSKYLI,,"Sky Light Center, Inc.",,,0,,,1,,,1,
BENEFL,,Clarity Benefit Solutions,,BENSKYLIN,,"Skyline, LLC",,,1,,,0,,,1,
BENEFL,,Clarity Benefit Solutions,,BENSLIDER,,Slider Engineering Group,,,1,,,0,,,1,
BENEFL,,Clarity Benefit Solutions,,BENSLOANM,,"Sloan Management, Inc.",,,1,,,0,,,1,
BENEFL,,Clarity Benefit Solutions,,BENSMOOTC,,Smoot Construction Co of Washington DC,,,39,,,0,,,39,
BENEFL,,Clarity Benefit Solutions,,BENSOLENE,,Solar Energy Systems LLC,,,0,,,1,,,1,
BENEFL,,Clarity Benefit Solutions,,BENSOSCPU,,Society for Science & the Public,,,4,,,0,,,4,
BENEFL,,Clarity Benefit Solutions,,BENSOVMED,,"Sovereign Medical Services, Inc.",,,2,,,0,,,2,
BENEFL,,Clarity Benefit Solutions,,BENSPAGES,,Spages Pharmacy Inc.,,,0,,,1,,,1,
BENEFL,,Clarity Benefit Solutions,,BENSPCTRN,,"Spectron Glass & Electronics, Inc.",,,0,,,1,,,1,
BENEFL,,Clarity Benefit Solutions,,BENSPEHEA,,"Spectrum Health Services, Inc.",,,5,,,2,,,7,
BENEFL,,Clarity Benefit Solutions,,BENSPIEZL,,Spiezle Group Inc.,,,1,,,0,,,1,
BENEFL,,Clarity Benefit Solutions,,BENSPINS,,"Spins, LLC",,,18,,,109,,,127,
BENEFL,,Clarity Benefit Solutions,,BENSSKBLW,,"Salenger, Sack, Kimmel & Bavaro, LLP",,,1,,,2,,,3,
BENEFL,,Clarity Benefit Solutions,,BENSTEELY,,The Steely Group,,,2,,,0,,,2,
BENEFL,,Clarity Benefit Solutions,,BENSTJUDE,,St. Jude Neighborhood Health Centers,,,2,,,0,,,2,
BENEFL,,Clarity Benefit Solutions,,BENSTKCHT,,"StockCharts.com, Inc.",,,1,,,0,,,1,
BENEFL,,Clarity Benefit Solutions,,BENSTMUSE,,The Studio Museum in Harlem,,,4,,,1,,,5,
BENEFL,,Clarity Benefit Solutions,,BENSTOAUT,,"Stoler Automotive Network, Inc.",,,1,,,5,,,6,
BENEFL,,Clarity Benefit Solutions,,BENSTPLLC,,"Stewart Tubular Products, LLC",,,2,,,1,,,3,
BENEFL,,Clarity Benefit Solutions,,BENSUBURB,,Suburban Glass & Mirror ,,,3,,,0,,,3,
BENEFL,,Clarity Benefit Solutions,,BENSUMFGR,,"Summit Financial Group, Inc.",,,264,,,0,,,264,
BENEFL,,Clarity Benefit Solutions,,BENSUMMID,,Summit Operating Services Company LLC,,,1,,,1,,,2,
BENEFL,,Clarity Benefit Solutions,,BENSUMRK,,Summit Rock Advisors LP,,,0,,,1,,,1,
BENEFL,,Clarity Benefit Solutions,,BENSUNDNC,,Sundance Home Care Inc.,,,10,,,15,,,25,
BENEFL,,Clarity Benefit Solutions,,BENSUNSHN,,Sunshine Development School,,,0,,,2,,,2,
BENEFL,,Clarity Benefit Solutions,,BENSUNTOY,,Sunrise Toyota Scion,,,3,,,9,,,12,
BENEFL,,Clarity Benefit Solutions,,BENSWITPC,,"Switlik Parachute Company, Inc.",,,2,,,1,,,3,
BENEFL,,Clarity Benefit Solutions,,BENSWLEAD,,Southwest Leadership Academy,,,3,,,0,,,3,
BENEFL,,Clarity Benefit Solutions,,BENTACT,,Tactical Public Safety LLC,,,0,,,1,,,1,
BENEFL,,Clarity Benefit Solutions,,BENTALBHF,,Talbot Hospice Foundation Inc,,,5,,,0,,,5,
BENEFL,,Clarity Benefit Solutions,,BENTANGRM,,"Tangram, Inc.",,,4,,,0,,,4,
BENEFL,,Clarity Benefit Solutions,,BENTASTY,,"IG US Holdings, Inc",,,0,,,2,,,2,
BENEFL,,Clarity Benefit Solutions,,BENTAYMAT,,Taymatt LLC,,,0,,,2,,,2,
BENEFL,,Clarity Benefit Solutions,,BENTBJ,,Congregation B'nai Jeshurun,,,2,,,25,,,27,
BENEFL,,Clarity Benefit Solutions,,BENTCFD,,"The Center for Discovery, Inc.",,,4,,,0,,,4,
BENEFL,,Clarity Benefit Solutions,,BENTCVCG,,"The Cardiovascular Care Group, PC",,,4,,,3,,,7,
BENEFL,,Clarity Benefit Solutions,,BENTEC,,TEC Solutions LLC,,,1,,,2,,,3,
BENEFL,,Clarity Benefit Solutions,,BENTECH,,"B Tech, Inc.",,,0,,,21,,,21,
BENEFL,,Clarity Benefit Solutions,,BENTECLAB,,"Tec Labs, Inc.",,,1,,,0,,,1,
BENEFL,,Clarity Benefit Solutions,,BENTEECS,,Thomas Edison EnergySmart Charter School,,,0,,,42,,,42,
BENEFL,,Clarity Benefit Solutions,,BENTELPC,,Telophase Corporation,,,5,,,0,,,5,
BENEFL,,Clarity Benefit Solutions,,BENTENAXC,,Tenax Corporation,,,5,,,0,,,5,
BENEFL,,Clarity Benefit Solutions,,BENTENZG,,Tenzing Insurance Strategies,,,0,,,1,,,1,
BENEFL,,Clarity Benefit Solutions,,BENTESTRT,,Testrite Visual,,,0,,,1,,,1,
BENEFL,,Clarity Benefit Solutions,,BENTETRA,,"Tetracore, Inc.",,,2,,,0,,,2,
BENEFL,,Clarity Benefit Solutions,,BENTFCCON,,"TFC Consulting, Inc.",,,2,,,0,,,2,
BENEFL,,Clarity Benefit Solutions,,BENTHARCO,,"Tharco, Inc.",,,1,,,0,,,1,
BENEFL,,Clarity Benefit Solutions,,BENTHECC,,The Criterion Collection,,,1,,,0,,,1,
BENEFL,,Clarity Benefit Solutions,,BENTHECOO,,The Cooper Union ,,,3,,,5,,,8,
BENEFL,,Clarity Benefit Solutions,,BENTHMTRO,,The Metropolitan Companies,,,0,,,1,,,1,
BENEFL,,Clarity Benefit Solutions,,BENTHOMBR,,"Thom Browne, Inc.",,,2,,,0,,,2,
BENEFL,,Clarity Benefit Solutions,,BENTHRIVE,,Thrive Behavioral Health,,,1,,,1,,,2,
BENEFL,,Clarity Benefit Solutions,,BENTHRNCO,,"Tharanco Group, LLC",,,0,,,1,,,1,
BENEFL,,Clarity Benefit Solutions,,BENTHROMB,,"Thrombolex, Inc.",,,2,,,0,,,2,
BENEFL,,Clarity Benefit Solutions,,BENTIEDIN,,"TIG ADVISORS, LLC",,,1,,,5,,,6,
BENEFL,,Clarity Benefit Solutions,,BENTKC,,The King's College,,,2,,,41,,,43,
BENEFL,,Clarity Benefit Solutions,,BENTNYCCC,,The New York City Church of Christ,,,0,,,1,,,1,
BENEFL,,Clarity Benefit Solutions,,BENTOA,,The Toa Reinsurance Co of America,,,3,,,0,,,3,
BENEFL,,Clarity Benefit Solutions,,BENTOCFLR,,"Touch of Color Flooring, Inc.",,,5,,,0,,,5,
BENEFL,,Clarity Benefit Solutions,,BENTOTRES,,"Total Restoration, Inc.",,,1,,,0,,,1,
BENEFL,,Clarity Benefit Solutions,,BENTOUCH,,Touch Dynamic,,,0,,,2,,,2,
BENEFL,,Clarity Benefit Solutions,,BENTPI,,"Therapeutic Pathways, Inc.",,,7,,,0,,,7,
BENEFL,,Clarity Benefit Solutions,,BENTRAX,,Trax Data Refinery,,,0,,,1,,,1,
BENEFL,,Clarity Benefit Solutions,,BENTRILFT,,"Tri-Lift NJ, Inc.",,,2,,,0,,,2,
BENEFL,,Clarity Benefit Solutions,,BENTRITX,,"Tri-Tech Surveying Co., LP.",,,1,,,0,,,1,
BENEFL,,Clarity Benefit Solutions,,BENTROY,,Troy Corporation,,,0,,,2,,,2,
BENEFL,,Clarity Benefit Solutions,,BENTRS,,Trenton Roofing & Siding,,,1,,,0,,,1,
BENEFL,,Clarity Benefit Solutions,,BENTTLCRD,,"Total Cardiology Care, LLC",,,0,,,1,,,1,
BENEFL,,Clarity Benefit Solutions,,BENTUCKER,,Tucker Company Worldwide,,,3,,,1,,,4,
BENEFL,,Clarity Benefit Solutions,,BENTUNECR,,"Tunecore, Inc.",,,3,,,3,,,6,
BENEFL,,Clarity Benefit Solutions,,BENTWINCO,,"Twinco Manufacturing Co., Inc.",,,1,,,0,,,1,
BENEFL,,Clarity Benefit Solutions,,BENTXFIRST,,Texas First Bank,,,40,,,0,,,40,
BENEFL,,Clarity Benefit Solutions,,BENUFCW,,United Food & Commercial Workers Union ,,,1,,,0,,,1,
BENEFL,,Clarity Benefit Solutions,,BENUHSCO,,United Hospital Supply,,,3,,,1,,,4,
BENEFL,,Clarity Benefit Solutions,,BENUIPAM,,"UIP Asset Management, Inc.",,,1,,,0,,,1,
BENEFL,,Clarity Benefit Solutions,,BENUIU,,Upper Iowa University,,,2,,,1,,,3,
BENEFL,,Clarity Benefit Solutions,,BENUNIPEC,,"Unipec America, Inc.",,,0,,,1,,,1,
BENEFL,,Clarity Benefit Solutions,,BENUNIQES,,Unique Electric Solutions Inc.,,,1,,,0,,,1,
BENEFL,,Clarity Benefit Solutions,,BENUNITY,,Unity Bank,,,4,,,7,,,11,
BENEFL,,Clarity Benefit Solutions,,BENURBAN,,Urban Assembly,,,3,,,1,,,4,
BENEFL,,Clarity Benefit Solutions,,BENURBSTD,,"Urban Standard Development, LLC",,,1,,,0,,,1,
BENEFL,,Clarity Benefit Solutions,,BENUSIS,,"United States Information Systems, Inc.",,,4,,,10,,,14,
BENEFL,,Clarity Benefit Solutions,,BENUSLI,,USLI,,,6,,,4,,,10,
BENEFL,,Clarity Benefit Solutions,,BENVD,,Visit Dallas,,,6,,,2,,,8,
BENEFL,,Clarity Benefit Solutions,,BENVIBRA,,Vibra Screw Inc.,,,5,,,0,,,5,
BENEFL,,Clarity Benefit Solutions,,BENVIEBRI,,"VieBridge, Inc.",,,0,,,1,,,1,
BENEFL,,Clarity Benefit Solutions,,BENVINE,,Vineland Packaging Corp,,,0,,,1,,,1,
BENEFL,,Clarity Benefit Solutions,,BENVIRSIG,,Virsig LLC,,,0,,,1,,,1,
BENEFL,,Clarity Benefit Solutions,,BENVNA,,Veja North America Inc,,,2,,,0,,,2,
BENEFL,,Clarity Benefit Solutions,,BENVOFNY,,Village of Freeport,,,0,,,4,,,4,
BENEFL,,Clarity Benefit Solutions,,BENVOLATR,,Volatour Inc. ,,,1,,,0,,,1,
BENEFL,,Clarity Benefit Solutions,,BENVORNAD,,Vornado Realty Trust,,,8,,,24,,,32,
BENEFL,,Clarity Benefit Solutions,,BENVSPTECH,,"VSP Tech, Inc.",,,4,,,4,,,8,
BENEFL,,Clarity Benefit Solutions,,BENWACIF,,Washington Area Community Investment Fund (WACIF),,,10,,,0,,,10,
BENEFL,,Clarity Benefit Solutions,,BENWASH,,Township of Washington,,,3,,,1,,,4,
BENEFL,,Clarity Benefit Solutions,,BENWATERM,,"Watermark, Inc.",,,2,,,0,,,2,
BENEFL,,Clarity Benefit Solutions,,BENWEBSCH,,"Weber & Scher Manufacturing Company, Inc",,,1,,,0,,,1,
BENEFL,,Clarity Benefit Solutions,,BENWEDOCO,,WEDO,,,2,,,1,,,3,
BENEFL,,Clarity Benefit Solutions,,BENWEISS,,Weiss-Aug Company Inc.,,,4,,,0,,,4,
BENEFL,,Clarity Benefit Solutions,,BENWEMBUS,,"We Mean Business Coalition, Inc.",,,1,,,0,,,1,
BENEFL,,Clarity Benefit Solutions,,BENWESTIN,,Westin Homes and Properties,,,1,,,1,,,2,
BENEFL,,Clarity Benefit Solutions,,BENWFHC,,"Westside Family Healthcare, Inc.",,,10,,,0,,,10,
BENEFL,,Clarity Benefit Solutions,,BENWHRTON,,Wharton Lyon & Lyon,,,2,,,0,,,2,
BENEFL,,Clarity Benefit Solutions,,BENWHV,,White Horse Village Inc.,,,8,,,1,,,9,
BENEFL,,Clarity Benefit Solutions,,BENWHYHUN,,WhyHunger Inc.,,,1,,,0,,,1,
BENEFL,,Clarity Benefit Solutions,,BENWILDAY,,Wiley Adult Day Center,,,1,,,0,,,1,
BENEFL,,Clarity Benefit Solutions,,BENWILMIS,,"Wiley Mission, Inc.",,,1,,,0,,,1,
BENEFL,,Clarity Benefit Solutions,,BENWISEN,,"Wisenbaker Building Services, Inc.",,,2,,,5,,,7,
BENEFL,,Clarity Benefit Solutions,,BENWJDFAM,,Deutsch Family Wine & Spirits,,,8,,,12,,,20,
BENEFL,,Clarity Benefit Solutions,,BENWOLFF,,Chiesa Shahinian & Giantomasi PC,,,5,,,22,,,27,
BENEFL,,Clarity Benefit Solutions,,BENWORKIT,,"Workit Health, Inc",,,36,,,1,,,37,
BENEFL,,Clarity Benefit Solutions,,BENWOUCH,,"Wouch, Maloney & Co., LLP",,,1,,,0,,,1,
BENEFL,,Clarity Benefit Solutions,,BENWSTLKE,,Westlake Distributors Inc.,,,6,,,0,,,6,
BENEFL,,Clarity Benefit Solutions,,BENWSTWD,,Westwood Dermatology,,,1,,,2,,,3,
BENEFL,,Clarity Benefit Solutions,,BENWTWINT,,Winter Scale & Equipment,,,0,,,1,,,1,
BENEFL,,Clarity Benefit Solutions,,BENWWCINC,,Whippoorwill Club Inc.,,,3,,,0,,,3,
BENEFL,,Clarity Benefit Solutions,,BENWWE,,"World Wrestling Entertainment, Inc",,,1,,,3,,,4,
BENEFL,,Clarity Benefit Solutions,,BENWYTHE,,80 Wythe LLC,,,5,,,0,,,5,
BENEFL,,Clarity Benefit Solutions,,BENXHCARE,,"X-TREME HOME CARE, INC",,,4,,,0,,,4,
BENEFL,,Clarity Benefit Solutions,,BENYBPCS,,YouthBuild Philadelphia Charter School,,,0,,,1,,,1,
BENEFL,,Clarity Benefit Solutions,,BENYMCA,,The Summit Area YMCA,,,0,,,4,,,4,
BENEFL,,Clarity Benefit Solutions,,BENYPSI,,Charter Township of Ypsilanti,,,10,,,10,,,20,
BENEFL,,Clarity Benefit Solutions,,BENYRCHNY,,Your Choice of NY INC,,,10,,,13,,,23,
BENEFL,,Clarity Benefit Solutions,,BENYWCANY,,YWCA of the City of New York,,,1,,,0,,,1,
BENEFL,,Clarity Benefit Solutions,,BENZERION,,"Zerion Software,Inc.",,,0,,,1,,,1,
BENEFL,,Clarity Benefit Solutions,,BENZEROFX,,ZeroFOX,,,12,,,0,,,12,
BENEFL,,Clarity Benefit Solutions,,BENZEROPW,,Beyond Identity Inc.,,,3,,,0,,,3,
